-- MySQL dump 10.16  Distrib 10.1.24-MariaDB, for Win32 (AMD64)
--
-- Host: localhost    Database: eapi
-- ------------------------------------------------------
-- Server version	10.1.24-MariaDB

/*!40101 SET @OLD_CHARACTER_SET_CLIENT=@@CHARACTER_SET_CLIENT */;
/*!40101 SET @OLD_CHARACTER_SET_RESULTS=@@CHARACTER_SET_RESULTS */;
/*!40101 SET @OLD_COLLATION_CONNECTION=@@COLLATION_CONNECTION */;
/*!40101 SET NAMES utf8 */;
/*!40103 SET @OLD_TIME_ZONE=@@TIME_ZONE */;
/*!40103 SET TIME_ZONE='+00:00' */;
/*!40014 SET @OLD_UNIQUE_CHECKS=@@UNIQUE_CHECKS, UNIQUE_CHECKS=0 */;
/*!40014 SET @OLD_FOREIGN_KEY_CHECKS=@@FOREIGN_KEY_CHECKS, FOREIGN_KEY_CHECKS=0 */;
/*!40101 SET @OLD_SQL_MODE=@@SQL_MODE, SQL_MODE='NO_AUTO_VALUE_ON_ZERO' */;
/*!40111 SET @OLD_SQL_NOTES=@@SQL_NOTES, SQL_NOTES=0 */;

--
-- Table structure for table `migrations`
--

DROP TABLE IF EXISTS `migrations`;
/*!40101 SET @saved_cs_client     = @@character_set_client */;
/*!40101 SET character_set_client = utf8 */;
CREATE TABLE `migrations` (
  `id` int(10) unsigned NOT NULL AUTO_INCREMENT,
  `migration` varchar(191) COLLATE utf8mb4_unicode_ci NOT NULL,
  `batch` int(11) NOT NULL,
  PRIMARY KEY (`id`)
) ENGINE=InnoDB AUTO_INCREMENT=5 DEFAULT CHARSET=utf8mb4 COLLATE=utf8mb4_unicode_ci;
/*!40101 SET character_set_client = @saved_cs_client */;

--
-- Dumping data for table `migrations`
--

LOCK TABLES `migrations` WRITE;
/*!40000 ALTER TABLE `migrations` DISABLE KEYS */;
INSERT INTO `migrations` VALUES (1,'2014_10_12_000000_create_users_table',1),(2,'2014_10_12_100000_create_password_resets_table',1),(3,'2020_02_14_011938_create_products_table',1),(4,'2020_02_14_012006_create_reviews_table',1);
/*!40000 ALTER TABLE `migrations` ENABLE KEYS */;
UNLOCK TABLES;

--
-- Table structure for table `password_resets`
--

DROP TABLE IF EXISTS `password_resets`;
/*!40101 SET @saved_cs_client     = @@character_set_client */;
/*!40101 SET character_set_client = utf8 */;
CREATE TABLE `password_resets` (
  `email` varchar(191) COLLATE utf8mb4_unicode_ci NOT NULL,
  `token` varchar(191) COLLATE utf8mb4_unicode_ci NOT NULL,
  `created_at` timestamp NULL DEFAULT NULL,
  KEY `password_resets_email_index` (`email`)
) ENGINE=InnoDB DEFAULT CHARSET=utf8mb4 COLLATE=utf8mb4_unicode_ci;
/*!40101 SET character_set_client = @saved_cs_client */;

--
-- Dumping data for table `password_resets`
--

LOCK TABLES `password_resets` WRITE;
/*!40000 ALTER TABLE `password_resets` DISABLE KEYS */;
/*!40000 ALTER TABLE `password_resets` ENABLE KEYS */;
UNLOCK TABLES;

--
-- Table structure for table `products`
--

DROP TABLE IF EXISTS `products`;
/*!40101 SET @saved_cs_client     = @@character_set_client */;
/*!40101 SET character_set_client = utf8 */;
CREATE TABLE `products` (
  `id` int(10) unsigned NOT NULL AUTO_INCREMENT,
  `name` varchar(191) COLLATE utf8mb4_unicode_ci NOT NULL,
  `detail` text COLLATE utf8mb4_unicode_ci NOT NULL,
  `price` int(11) NOT NULL,
  `stock` int(11) NOT NULL,
  `discount` int(11) NOT NULL,
  `created_at` timestamp NULL DEFAULT NULL,
  `updated_at` timestamp NULL DEFAULT NULL,
  PRIMARY KEY (`id`)
) ENGINE=InnoDB AUTO_INCREMENT=101 DEFAULT CHARSET=utf8mb4 COLLATE=utf8mb4_unicode_ci;
/*!40101 SET character_set_client = @saved_cs_client */;

--
-- Dumping data for table `products`
--

LOCK TABLES `products` WRITE;
/*!40000 ALTER TABLE `products` DISABLE KEYS */;
INSERT INTO `products` VALUES (1,'est','Nesciunt vitae in atque ut. Consequatur rem aut sint aliquid neque distinctio odit. Consequatur culpa incidunt in voluptas dolor qui aliquid.',533,5,15,'2020-02-13 19:15:56','2020-02-13 19:15:56'),(2,'debitis','Numquam labore omnis omnis voluptas. Necessitatibus qui pariatur ducimus recusandae et nobis.',287,4,15,'2020-02-13 19:15:57','2020-02-13 19:15:57'),(3,'et','Sed rerum consequatur error id. Unde natus quod iste qui numquam. Tenetur illum recusandae iure molestiae id deserunt. Voluptatum aliquid nesciunt optio hic est qui nihil.',749,8,29,'2020-02-13 19:15:57','2020-02-13 19:15:57'),(4,'sed','Voluptates ea dolorem alias a expedita et ipsam. Porro harum ut qui. Sapiente earum quaerat et placeat et.',335,8,28,'2020-02-13 19:15:57','2020-02-13 19:15:57'),(5,'iusto','Delectus et id et soluta nihil numquam. Doloribus voluptatem in facilis numquam neque. Voluptate omnis tenetur qui est natus modi et. Omnis non odio in omnis velit.',618,7,30,'2020-02-13 19:15:57','2020-02-13 19:15:57'),(6,'sint','Voluptatem et iste laboriosam enim doloremque in nobis. Aut dolores fugiat nobis et ad numquam et suscipit. Aliquid tempore ut a ut commodi omnis et.',668,5,18,'2020-02-13 19:15:57','2020-02-13 19:15:57'),(7,'quidem','Numquam doloremque ea quo magni vitae unde. Doloribus omnis possimus sapiente harum hic eius et. Inventore reiciendis quam ipsa iusto. Recusandae aliquam voluptatem quod dolor et et voluptatem.',912,9,19,'2020-02-13 19:15:57','2020-02-13 19:15:57'),(8,'quidem','Dolor ipsum qui esse dolorem sunt aut. Et velit dolorum occaecati culpa quaerat et. Veniam qui in est ut dolorem.',632,4,6,'2020-02-13 19:15:57','2020-02-13 19:15:57'),(9,'omnis','Dolorum accusantium officia voluptatem. Velit non amet cum rerum mollitia beatae est. Aut et nulla adipisci velit similique quidem aut.',440,6,22,'2020-02-13 19:15:57','2020-02-13 19:15:57'),(10,'nemo','Aut quis commodi minus modi molestiae dolore. Maiores delectus dolorem voluptatem eligendi totam saepe. Alias aut odit accusamus id. Vel quibusdam quia nobis ducimus.',748,3,19,'2020-02-13 19:15:57','2020-02-13 19:15:57'),(11,'eos','Amet sunt beatae eos quaerat consequuntur dolorum omnis tempora. Amet vel vero et.',487,4,12,'2020-02-13 19:15:57','2020-02-13 19:15:57'),(12,'molestiae','Dignissimos recusandae velit et saepe eligendi. Suscipit in sed nisi. Vel est est sed ducimus.',398,6,12,'2020-02-13 19:15:57','2020-02-13 19:15:57'),(13,'molestiae','Eius ab officia quia quisquam tenetur aut tempora. Praesentium sunt quisquam debitis ut sint labore. Aliquam odit doloribus dolorum. Aliquid rerum officiis atque non magni aspernatur. Et voluptatem sed delectus provident ut possimus.',548,4,11,'2020-02-13 19:15:57','2020-02-13 19:15:57'),(14,'deleniti','Consequatur quae laborum maxime nulla et sunt explicabo. Minus ea dolores impedit quia tempora ut non. Rerum vel autem asperiores cum reprehenderit. Qui omnis velit debitis officiis consequatur nobis velit.',616,7,13,'2020-02-13 19:15:57','2020-02-13 19:15:57'),(15,'odit','Rem praesentium ullam voluptatem quia. Nulla quo et quod neque. Sit debitis nihil excepturi architecto. Nulla temporibus aspernatur corporis vero rerum ut. Repudiandae velit vero earum natus aperiam ut nisi.',194,0,22,'2020-02-13 19:15:57','2020-02-13 19:15:57'),(16,'nesciunt','Autem aut voluptas sit ex atque libero aut non. In ad nemo et consequatur. Quas est quia alias harum sed modi sit. Molestiae porro ut quo sed dolore ratione.',871,3,17,'2020-02-13 19:15:57','2020-02-13 19:15:57'),(17,'assumenda','Velit quibusdam perferendis corrupti fuga consequatur nostrum sed rerum. Quas nemo vel dolorum aperiam amet quas ab. Repellat numquam fugiat enim veniam. Deserunt voluptatem optio nulla exercitationem in voluptatem.',235,1,27,'2020-02-13 19:15:57','2020-02-13 19:15:57'),(18,'amet','Fuga nemo dolorem vero cupiditate quia ipsam exercitationem deleniti. Et qui veniam nulla corporis et et quisquam. Sapiente aperiam odio nemo hic molestias iste voluptate non. Quia possimus excepturi dolores enim praesentium.',318,4,13,'2020-02-13 19:15:57','2020-02-13 19:15:57'),(19,'et','Necessitatibus et natus natus illum dicta. Officiis ex modi minus eos deserunt. Nemo voluptatem velit ut.',726,7,4,'2020-02-13 19:15:57','2020-02-13 19:15:57'),(20,'in','Repellendus enim impedit beatae laborum. Et et cupiditate et earum iure. Laborum officia dolorum eaque architecto eum inventore aspernatur. Ipsam iure aut et sed cupiditate eum.',627,9,26,'2020-02-13 19:15:57','2020-02-13 19:15:57'),(21,'et','Neque ut omnis dolor. Quibusdam non impedit qui ea ullam. Dolorem laudantium omnis dicta est.',264,1,18,'2020-02-13 19:15:57','2020-02-13 19:15:57'),(22,'dignissimos','Ut dolorem molestiae et quasi quis. Animi modi sunt fuga fuga. Qui ea aut voluptas est eum at ut aliquid.',106,9,20,'2020-02-13 19:15:57','2020-02-13 19:15:57'),(23,'sed','Aut dolorum eos laborum sapiente quam corrupti. Fugiat aliquam consequatur fuga voluptate sit modi. Sunt ut non sit dolores quidem voluptates aut.',951,1,13,'2020-02-13 19:15:57','2020-02-13 19:15:57'),(24,'sapiente','Voluptatem repellendus est suscipit non omnis rem veritatis. Quia nesciunt possimus saepe vero nemo.',639,8,23,'2020-02-13 19:15:57','2020-02-13 19:15:57'),(25,'soluta','Est autem aut doloremque sit non incidunt blanditiis. Quos esse veritatis ut impedit laboriosam. Ipsum quam quasi cum qui. Suscipit quas quasi dolores.',210,8,21,'2020-02-13 19:15:57','2020-02-13 19:15:57'),(26,'doloremque','Vitae reiciendis vero et neque illo. Assumenda rerum quaerat nam exercitationem. Eaque vitae fugit dolores numquam reprehenderit minima ea.',329,8,12,'2020-02-13 19:15:57','2020-02-13 19:15:57'),(27,'aut','Aut excepturi ut ratione labore dolorum quisquam nisi. Earum corporis est enim ut nobis maxime amet et. Fuga aut nostrum laborum natus voluptatem nostrum minima. Et nihil in et voluptas possimus et. Corporis eum voluptatibus hic distinctio est deleniti dolorem.',339,1,16,'2020-02-13 19:15:57','2020-02-13 19:15:57'),(28,'deserunt','Eum consequuntur sit facere consequatur dicta assumenda perspiciatis. Veniam rerum sit laudantium non quo quam. Iste ipsa aliquid quis veritatis eligendi.',618,1,16,'2020-02-13 19:15:58','2020-02-13 19:15:58'),(29,'praesentium','Facere voluptates sint amet non veniam et. Laboriosam nostrum temporibus iure quo et ut. Tempora molestias doloremque atque nisi sapiente commodi et.',475,2,29,'2020-02-13 19:15:58','2020-02-13 19:15:58'),(30,'est','Voluptates sed non dolorem veniam qui temporibus. Non dolorem eligendi dolores quia exercitationem. Corrupti nisi cupiditate est facilis et.',833,0,28,'2020-02-13 19:15:58','2020-02-13 19:15:58'),(31,'et','Error voluptas vel ab saepe. Aut ullam dignissimos temporibus et ea neque laudantium ipsam. Perferendis recusandae omnis sint et minima voluptatem placeat. Unde repudiandae sed dolorem sint.',627,6,25,'2020-02-13 19:15:58','2020-02-13 19:15:58'),(32,'nemo','Vel voluptatem commodi accusamus. Natus in voluptas quisquam et quia. Incidunt exercitationem quia ut consequatur esse id explicabo. Voluptas facilis facilis maxime qui in qui et aliquid.',436,7,9,'2020-02-13 19:15:58','2020-02-13 19:15:58'),(33,'reiciendis','Modi accusamus harum dolores consectetur occaecati iure quidem. Impedit quia accusantium distinctio illum. Voluptatum aperiam dolorem sit libero. Nisi eos tenetur excepturi commodi.',419,4,14,'2020-02-13 19:15:58','2020-02-13 19:15:58'),(34,'eos','Quos facilis consequatur sint sit. Minus qui et assumenda. Aut esse minus voluptatem doloribus quisquam dolores. Aut mollitia cumque neque dolores totam.',703,9,4,'2020-02-13 19:15:58','2020-02-13 19:15:58'),(35,'quod','Ea dolore tempora tempora molestiae sed minus cumque. Debitis quis exercitationem recusandae quis. Voluptatem et et soluta corporis rerum quia et.',508,9,7,'2020-02-13 19:15:58','2020-02-13 19:15:58'),(36,'quisquam','Impedit quaerat eveniet et recusandae nulla. Nulla eum accusamus neque ut ratione est quos sint. Nihil alias in non qui. Dicta consequatur laborum ad doloribus voluptate voluptatem voluptate et.',732,7,24,'2020-02-13 19:15:58','2020-02-13 19:15:58'),(37,'et','Maiores adipisci neque temporibus sit sed. Voluptate maiores in deserunt dolorem in aperiam. Dolorum cupiditate dolores ea consectetur. Officiis ut vel impedit qui.',275,5,28,'2020-02-13 19:15:58','2020-02-13 19:15:58'),(38,'consequatur','Quos aut aliquam corporis deserunt saepe maxime eum. Nobis ipsam quia fugiat impedit consectetur eaque praesentium.',791,5,24,'2020-02-13 19:15:58','2020-02-13 19:15:58'),(39,'voluptas','Voluptatem delectus in et autem pariatur quo assumenda. Voluptas labore magnam quae optio est enim rerum. Et non impedit reiciendis sit.',441,3,30,'2020-02-13 19:15:58','2020-02-13 19:15:58'),(40,'et','Quod veniam voluptatem quia aut eligendi. Odit accusamus omnis omnis. Optio perferendis sapiente magni aut odio. Architecto et quisquam repudiandae distinctio earum.',281,4,15,'2020-02-13 19:15:58','2020-02-13 19:15:58'),(41,'omnis','Dolorum accusantium blanditiis quae atque deserunt recusandae dolore. Eos dolores quam placeat reiciendis necessitatibus. Id excepturi eaque autem ad sequi. Voluptatem voluptatibus ut impedit animi.',734,1,4,'2020-02-13 19:15:58','2020-02-13 19:15:58'),(42,'qui','Libero velit quo rem voluptate id qui eaque explicabo. Aut temporibus aut dicta. Delectus tempore culpa et nostrum corrupti possimus.',567,0,15,'2020-02-13 19:15:58','2020-02-13 19:15:58'),(43,'quae','Dolor consectetur qui tempora velit. Eum nulla alias qui suscipit. Numquam quo qui enim nemo.',737,1,4,'2020-02-13 19:15:58','2020-02-13 19:15:58'),(44,'ut','Ut reprehenderit laboriosam cumque rem porro sit. Facilis odit in et itaque velit dolores. Nihil qui quis voluptatem. Repellat non et asperiores est et eos possimus.',809,6,15,'2020-02-13 19:15:58','2020-02-13 19:15:58'),(45,'similique','Quis facere voluptatibus cumque sit. Excepturi nihil cumque tempore dolores distinctio. Ut aut nesciunt magnam rerum.',204,9,10,'2020-02-13 19:15:58','2020-02-13 19:15:58'),(46,'tempore','Tenetur inventore voluptatem nemo quos. Saepe consequuntur vitae molestiae in. Dolores illo eius esse eum. Dolorum et animi non nobis.',570,8,30,'2020-02-13 19:15:58','2020-02-13 19:15:58'),(47,'est','Quae aut magnam eum ab. Illo iste autem consequuntur est molestiae. Occaecati odio consequatur et sit. Rem veniam sit ab deleniti hic illum et.',718,6,12,'2020-02-13 19:15:58','2020-02-13 19:15:58'),(48,'quis','Tempore voluptas facere voluptatibus sequi corrupti id. Sit est laudantium inventore. Perspiciatis dignissimos laborum hic aliquam voluptatem. Possimus illum amet amet sed.',104,2,23,'2020-02-13 19:15:58','2020-02-13 19:15:58'),(49,'delectus','Neque unde distinctio molestias non laborum soluta enim. Quia ut quia et sunt pariatur. Tenetur dolorem beatae voluptates quod.',254,0,28,'2020-02-13 19:15:58','2020-02-13 19:15:58'),(50,'sit','Nihil dolorem earum nulla sit expedita et hic optio. Sed corrupti est sapiente ut porro libero vitae sit. Architecto id ex nobis. Soluta possimus ea ratione.',299,9,3,'2020-02-13 19:15:58','2020-02-13 19:15:58'),(51,'dolore','Et cupiditate voluptas in totam nam quod eum. Veritatis eum minima est sunt debitis voluptatem ipsam. Optio repellat porro atque sint eum ab accusantium.',110,7,8,'2020-02-13 19:16:59','2020-02-13 19:16:59'),(52,'occaecati','Porro odit ut dolorem dignissimos a perferendis. Ad sit rerum eos ratione exercitationem.',701,1,14,'2020-02-13 19:16:59','2020-02-13 19:16:59'),(53,'et','Tempore et sit omnis vitae ipsum. Tempore qui ut quo nemo ipsum qui. Aperiam omnis consequatur eveniet deleniti perspiciatis praesentium.',503,9,15,'2020-02-13 19:16:59','2020-02-13 19:16:59'),(54,'sint','Fugiat quia quo repellendus necessitatibus sint voluptatem laborum. Maiores rerum facere fugit nisi. Laudantium ut ea maxime et.',680,6,27,'2020-02-13 19:16:59','2020-02-13 19:16:59'),(55,'nostrum','Id maiores omnis et molestias asperiores cum. Laudantium occaecati autem at et fugiat possimus praesentium. Illum tenetur voluptates ratione et aliquam atque aspernatur qui. Qui optio laboriosam fugit.',690,5,7,'2020-02-13 19:16:59','2020-02-13 19:16:59'),(56,'vero','Est et est sit consectetur natus odit voluptate. Quisquam rerum doloremque est.',248,0,20,'2020-02-13 19:16:59','2020-02-13 19:16:59'),(57,'culpa','Perspiciatis fugiat omnis rerum magni eos. Ipsam ipsa omnis laudantium mollitia sapiente corrupti esse.',211,6,13,'2020-02-13 19:16:59','2020-02-13 19:16:59'),(58,'deserunt','Quis libero vel odit repudiandae tempore ut qui voluptas. Modi facere consequuntur ad quod aut. Veritatis voluptas sunt autem.',522,9,24,'2020-02-13 19:16:59','2020-02-13 19:16:59'),(59,'et','Eos soluta porro repellat et est aliquam ut. Cum minima facere quae ut quos. Doloribus earum libero qui aut. Est impedit omnis et aut et.',357,1,24,'2020-02-13 19:16:59','2020-02-13 19:16:59'),(60,'est','Voluptas ad in eos corporis et similique. Ratione vero fugit consectetur odio enim. Quia quibusdam corrupti aut qui voluptatem itaque impedit. Molestiae laudantium architecto ipsam numquam modi vel.',663,8,19,'2020-02-13 19:16:59','2020-02-13 19:16:59'),(61,'optio','Voluptas rerum expedita rerum. Perspiciatis consectetur est tempora. Est repellat impedit saepe officia.',556,8,28,'2020-02-13 19:16:59','2020-02-13 19:16:59'),(62,'repellat','Sit ipsa eius ut culpa necessitatibus. A excepturi minima similique harum animi aut. Accusantium quaerat sit et ea et voluptatem corrupti.',226,2,20,'2020-02-13 19:16:59','2020-02-13 19:16:59'),(63,'est','Quia quia aperiam voluptatem. Eius ut perspiciatis optio aut voluptatibus eaque illum. Ullam dignissimos harum et.',887,5,4,'2020-02-13 19:16:59','2020-02-13 19:16:59'),(64,'sed','Necessitatibus et est nisi veritatis fugiat aut. Sed quas quis ut accusantium cum nulla. Est unde deleniti voluptatem.',453,3,28,'2020-02-13 19:16:59','2020-02-13 19:16:59'),(65,'itaque','Quam odit sed dolorum eius accusamus. Voluptate praesentium assumenda occaecati suscipit natus culpa voluptatem. Qui autem quibusdam iusto dolor vel dolorem ratione.',721,0,6,'2020-02-13 19:16:59','2020-02-13 19:16:59'),(66,'soluta','Eos aliquid beatae pariatur consequatur illum tempore. Labore esse officia architecto quo similique labore accusantium. Corporis aperiam vero harum rerum est non. Aliquid tempore vero minima adipisci natus dolor id.',381,9,18,'2020-02-13 19:16:59','2020-02-13 19:16:59'),(67,'quia','Consequatur omnis aut officia fugit. Incidunt ad quo recusandae. Non odit quod at nobis et. Et non non exercitationem qui aut. Quisquam architecto voluptas nesciunt et consequuntur.',512,8,22,'2020-02-13 19:16:59','2020-02-13 19:16:59'),(68,'optio','Ut eius et nulla voluptatum ducimus. Voluptates quia aperiam quibusdam ut. Et sit ratione dolore. Porro quibusdam eum tenetur voluptatum quam quam recusandae. Sint voluptatem delectus eligendi repellendus rerum.',952,1,29,'2020-02-13 19:16:59','2020-02-13 19:16:59'),(69,'nihil','Atque voluptates iure tempore molestias vel rerum voluptatem. Ut at distinctio eum in. Rem nulla aut ea voluptates.',603,8,5,'2020-02-13 19:17:00','2020-02-13 19:17:00'),(70,'sit','Quasi iusto commodi est. Neque blanditiis amet et repudiandae ut. Quos dolore voluptas et commodi vitae a. Ut vero earum velit sint a mollitia excepturi quia.',642,7,28,'2020-02-13 19:17:00','2020-02-13 19:17:00'),(71,'quis','Perferendis cum reiciendis repellendus impedit autem. Ut blanditiis qui dolorem.',378,2,12,'2020-02-13 19:17:00','2020-02-13 19:17:00'),(72,'qui','Enim maiores consequatur ratione vel ea. Optio provident voluptatum sunt dolore qui aut autem. Quo ut facere quas autem eveniet nihil consequatur. Et rerum officiis cum.',143,0,6,'2020-02-13 19:17:00','2020-02-13 19:17:00'),(73,'aperiam','Voluptatem explicabo nesciunt nobis totam culpa deserunt quaerat. Atque minima et ut dolor velit repellat laboriosam. Id laudantium veritatis distinctio ullam labore alias.',770,7,16,'2020-02-13 19:17:00','2020-02-13 19:17:00'),(74,'recusandae','Quas sunt ducimus numquam non laudantium. Quia sit deserunt ut possimus. Expedita et nulla voluptatem eum in aut dolorem. Laborum qui enim rerum reiciendis enim et culpa consequatur.',554,7,26,'2020-02-13 19:17:00','2020-02-13 19:17:00'),(75,'dolores','Error fuga vitae exercitationem consequatur saepe voluptas. Et laboriosam quod dolores nulla nulla et. Tenetur neque provident error et quam est excepturi. Sed minima dolor officiis cum voluptas.',611,3,25,'2020-02-13 19:17:00','2020-02-13 19:17:00'),(76,'nisi','Sint dolor voluptatem ipsam nostrum adipisci optio et occaecati. Dolore voluptatem esse inventore dolorem ex facilis. Necessitatibus adipisci at qui laborum voluptas.',801,9,29,'2020-02-13 19:17:00','2020-02-13 19:17:00'),(77,'aut','Pariatur alias qui quo voluptates rerum. Et soluta nemo dicta nemo qui excepturi nisi. Quia ad doloremque qui repellat ipsum. Qui rerum mollitia ut sed sunt ipsa.',841,8,4,'2020-02-13 19:17:00','2020-02-13 19:17:00'),(78,'maxime','Molestias corrupti autem et dicta fugit laboriosam ipsa. Et cumque officiis est ducimus beatae. Quo dolorum esse eaque.',997,6,20,'2020-02-13 19:17:00','2020-02-13 19:17:00'),(79,'voluptatem','Fugit esse distinctio et et ut nihil. Iusto quos est sed corporis. Temporibus commodi odit et natus ipsum ut. Sapiente est doloribus magnam atque suscipit in id. Doloribus et ipsum aspernatur officiis.',284,3,18,'2020-02-13 19:17:00','2020-02-13 19:17:00'),(80,'ut','Consequatur laudantium perferendis ea illum sapiente distinctio est quibusdam. Non qui velit quibusdam sint recusandae aspernatur. Ipsam ut earum ab hic cum error voluptas. Commodi et rem repudiandae quasi consectetur et.',794,9,14,'2020-02-13 19:17:00','2020-02-13 19:17:00'),(81,'maiores','Alias ipsa quia sapiente praesentium ratione esse. In autem est repudiandae ullam nulla repellat blanditiis praesentium. Quis maxime unde cupiditate ut quia.',287,0,26,'2020-02-13 19:17:00','2020-02-13 19:17:00'),(82,'est','Dolorem cum odio omnis et est in. Sit atque consequatur eaque. Quibusdam aut non deserunt ipsa quaerat adipisci. Eos quod libero et voluptas rerum consectetur.',680,9,17,'2020-02-13 19:17:00','2020-02-13 19:17:00'),(83,'nam','Rerum deserunt aliquam voluptates error accusamus eos pariatur non. Quas fugit consectetur dolor. Non est accusamus dolorem explicabo eligendi voluptatibus nostrum. Voluptatem nostrum neque possimus fugiat.',373,9,14,'2020-02-13 19:17:00','2020-02-13 19:17:00'),(84,'eos','Ea tempora tenetur rerum. Expedita aut recusandae officia consequuntur minus a sint. Et sit dolorem debitis quaerat hic. Ut asperiores commodi blanditiis.',922,3,5,'2020-02-13 19:17:00','2020-02-13 19:17:00'),(85,'delectus','Dolores vel accusamus dicta error aliquid velit voluptatem. Ut consequatur quibusdam voluptas consequatur. Et ex et tempore explicabo.',965,3,8,'2020-02-13 19:17:00','2020-02-13 19:17:00'),(86,'ut','Qui voluptatibus molestiae est sit nobis. Ullam nam velit cupiditate temporibus exercitationem. Quia hic quia consequatur possimus voluptas.',223,8,18,'2020-02-13 19:17:00','2020-02-13 19:17:00'),(87,'qui','Quibusdam consectetur voluptatem ab eligendi unde quasi assumenda qui. Sapiente eligendi magnam aut et rerum. Et qui numquam libero sed commodi labore.',619,1,13,'2020-02-13 19:17:00','2020-02-13 19:17:00'),(88,'quidem','Libero vitae inventore eum facere exercitationem. Voluptas magni beatae nihil voluptas. Voluptate mollitia doloribus ut cum in ratione corrupti. Perferendis delectus eos ut consequuntur qui est aliquam.',419,1,3,'2020-02-13 19:17:00','2020-02-13 19:17:00'),(89,'aliquam','Quisquam quis aut nihil aut culpa. Odit dolores in qui qui ipsam. Nostrum ex veniam saepe nihil iure consequatur accusantium et.',629,7,19,'2020-02-13 19:17:00','2020-02-13 19:17:00'),(90,'exercitationem','Rem dicta et dolorem sint ullam. Delectus omnis et similique ex. Id quis inventore maxime blanditiis.',402,4,20,'2020-02-13 19:17:00','2020-02-13 19:17:00'),(91,'ea','Possimus est recusandae iste excepturi nihil. Reprehenderit laudantium qui velit aliquid. Ipsum a et aut non quo.',881,6,26,'2020-02-13 19:17:00','2020-02-13 19:17:00'),(92,'non','Quaerat voluptas modi eius id iusto ratione. Deleniti aut minima in quis dolorum consectetur. Et maiores possimus eum quod excepturi expedita.',637,9,8,'2020-02-13 19:17:00','2020-02-13 19:17:00'),(93,'ducimus','Et dolorem repellat expedita accusamus culpa non. Enim qui esse ad ad. Eligendi ipsam repellat a blanditiis adipisci ipsam.',319,0,6,'2020-02-13 19:17:00','2020-02-13 19:17:00'),(94,'quidem','Et et repellendus a quae maiores quas dolores. Totam deserunt magni unde tempora sunt. Dolores et consequuntur repudiandae blanditiis expedita quibusdam. Ratione qui laudantium dolorem debitis consequuntur aut excepturi est.',676,1,8,'2020-02-13 19:17:00','2020-02-13 19:17:00'),(95,'quod','Quia non minima harum et blanditiis voluptatem fuga ullam. Ducimus nisi rerum excepturi atque tempora. Accusantium nihil necessitatibus doloremque aut facilis et sequi est.',332,1,23,'2020-02-13 19:17:00','2020-02-13 19:17:00'),(96,'et','Sint earum eveniet fugiat expedita. Sequi ut reprehenderit est nulla ratione sed. Molestias fuga corporis atque nobis eos eveniet est possimus. Eum vel voluptas perspiciatis ad est iusto harum.',921,0,11,'2020-02-13 19:17:01','2020-02-13 19:17:01'),(97,'quae','Delectus labore sit eos officiis nobis. Non reiciendis nisi omnis ad beatae. Perspiciatis distinctio ea fuga hic ut similique architecto. Beatae voluptatem saepe consectetur et et.',714,0,15,'2020-02-13 19:17:01','2020-02-13 19:17:01'),(98,'consectetur','Omnis repellat sit aut et eos est sed. Laborum sunt eligendi enim dolor. Nam nobis et vel quasi numquam molestiae rerum assumenda.',584,9,5,'2020-02-13 19:17:01','2020-02-13 19:17:01'),(99,'quasi','Eum harum vitae dolore qui qui veniam nesciunt. Nesciunt distinctio sint voluptate qui facere. Sit porro commodi consectetur recusandae facilis id voluptatem id.',378,1,23,'2020-02-13 19:17:01','2020-02-13 19:17:01'),(100,'omnis','Voluptatem sunt ad officia officiis. Ab doloremque harum beatae ipsum quas. Aut quas voluptatum quo dolor sit architecto.',745,4,5,'2020-02-13 19:17:01','2020-02-13 19:17:01');
/*!40000 ALTER TABLE `products` ENABLE KEYS */;
UNLOCK TABLES;

--
-- Table structure for table `reviews`
--

DROP TABLE IF EXISTS `reviews`;
/*!40101 SET @saved_cs_client     = @@character_set_client */;
/*!40101 SET character_set_client = utf8 */;
CREATE TABLE `reviews` (
  `id` int(10) unsigned NOT NULL AUTO_INCREMENT,
  `product_id` int(10) unsigned NOT NULL,
  `customer` varchar(191) COLLATE utf8mb4_unicode_ci NOT NULL,
  `review` text COLLATE utf8mb4_unicode_ci NOT NULL,
  `star` int(11) NOT NULL,
  `created_at` timestamp NULL DEFAULT NULL,
  `updated_at` timestamp NULL DEFAULT NULL,
  PRIMARY KEY (`id`),
  KEY `reviews_product_id_index` (`product_id`),
  CONSTRAINT `reviews_product_id_foreign` FOREIGN KEY (`product_id`) REFERENCES `products` (`id`) ON DELETE CASCADE
) ENGINE=InnoDB AUTO_INCREMENT=301 DEFAULT CHARSET=utf8mb4 COLLATE=utf8mb4_unicode_ci;
/*!40101 SET character_set_client = @saved_cs_client */;

--
-- Dumping data for table `reviews`
--

LOCK TABLES `reviews` WRITE;
/*!40000 ALTER TABLE `reviews` DISABLE KEYS */;
INSERT INTO `reviews` VALUES (1,70,'Madge Koss','Odit ut soluta fugit similique sapiente libero. Blanditiis vero ut sed totam odio architecto reprehenderit. Cupiditate sit sed fugiat iste provident maiores voluptatibus.',4,'2020-02-13 19:17:02','2020-02-13 19:17:02'),(2,76,'Oral Rowe','Perspiciatis quia repudiandae tenetur cum. Voluptatum delectus aut velit placeat veritatis quam accusantium. Fugiat distinctio est labore illum. Incidunt voluptates aliquam numquam eum aliquid eveniet ea.',5,'2020-02-13 19:17:02','2020-02-13 19:17:02'),(3,92,'Randall Kunze','Iste facilis qui natus itaque ut. Qui et sapiente doloremque deleniti sequi non. Excepturi est iure aut possimus perferendis beatae. Laboriosam iusto aspernatur impedit fugit quia molestiae alias.',4,'2020-02-13 19:17:02','2020-02-13 19:17:02'),(4,8,'Prof. Hazle Schumm II','Delectus officiis omnis omnis eveniet quo qui natus. Et ullam est ipsa corporis quaerat. Nulla voluptas enim at dolorem quidem est eveniet.',3,'2020-02-13 19:17:02','2020-02-13 19:17:02'),(5,14,'Rose Fisher II','Vero doloremque qui qui doloribus rerum. Ut voluptatem minima tempora nisi sed adipisci. Aliquam voluptatum saepe aut dicta ut voluptas.',4,'2020-02-13 19:17:02','2020-02-13 19:17:02'),(6,94,'Brian Legros','Id voluptas architecto impedit officia. Corrupti autem soluta ex veniam voluptatem quo. Reprehenderit ea cupiditate excepturi illum et laboriosam. Qui optio voluptas asperiores dicta rerum.',4,'2020-02-13 19:17:02','2020-02-13 19:17:02'),(7,43,'Nya Weimann','Assumenda iusto veniam corporis eius sunt rerum vel. Sunt voluptatem rerum ut ducimus dolore. Illo deserunt consequatur consectetur facilis. Ut ab minima sunt ut et consequuntur consequatur.',4,'2020-02-13 19:17:02','2020-02-13 19:17:02'),(8,95,'Antone Leuschke','Odio at dignissimos illo dolores est. Dolore vitae nostrum dolor aut dolorum qui sed. Culpa vel et possimus iste aut voluptatem. Molestias tempore et maxime necessitatibus consequatur numquam.',4,'2020-02-13 19:17:02','2020-02-13 19:17:02'),(9,73,'Kaelyn Ferry','Officiis qui sit tempore modi. Ea beatae aut beatae explicabo fugit laboriosam. Non fugiat ad quos nisi.',4,'2020-02-13 19:17:02','2020-02-13 19:17:02'),(10,60,'Evans Kling','Et quo in omnis magnam dolorem iusto inventore. Doloribus aut eos voluptatem in illum commodi. Eveniet quaerat cumque a aperiam consequuntur. Aut voluptatem quisquam voluptas totam animi voluptas culpa iste.',3,'2020-02-13 19:17:02','2020-02-13 19:17:02'),(11,87,'Dr. Kris McDermott','Corporis voluptate rerum omnis aperiam iste quod debitis porro. Est rerum odit vero similique saepe quos nulla animi. Enim quaerat est a aut sint omnis quisquam sunt.',5,'2020-02-13 19:17:02','2020-02-13 19:17:02'),(12,58,'Augusta Schmitt','Ullam voluptatum omnis amet. Aspernatur numquam necessitatibus voluptas veritatis est atque iste sit.',4,'2020-02-13 19:17:02','2020-02-13 19:17:02'),(13,77,'Nasir Berge','Ut explicabo molestiae voluptatem. Inventore amet eum id temporibus. Nostrum voluptas eligendi vitae soluta.',5,'2020-02-13 19:17:02','2020-02-13 19:17:02'),(14,18,'Kyra Schumm','Tempore alias doloremque debitis ut. Id veritatis et praesentium asperiores temporibus est.',4,'2020-02-13 19:17:03','2020-02-13 19:17:03'),(15,74,'Thalia Windler','Possimus nemo vel iste animi mollitia nobis. Reiciendis dolorem magni rem totam qui. Eaque ut quo consequatur ex cupiditate nisi voluptatum quis. Est officiis velit deserunt alias aut pariatur nihil.',5,'2020-02-13 19:17:03','2020-02-13 19:17:03'),(16,42,'Iva Homenick','Aliquid qui deserunt dolore omnis maxime architecto. Dignissimos perferendis laudantium incidunt necessitatibus quas. Voluptatem corrupti saepe sed quia dolorum sequi dolorem. Quam maxime tempora voluptatibus voluptate mollitia consequatur minus.',3,'2020-02-13 19:17:03','2020-02-13 19:17:03'),(17,60,'Antwan Weimann','Rem necessitatibus minus amet fuga qui officiis. Ea vel odio aspernatur tempore magni. Dolor similique rerum a expedita non sit.',3,'2020-02-13 19:17:03','2020-02-13 19:17:03'),(18,59,'Ms. Jaqueline Cruickshank PhD','Dolorem blanditiis quis sunt aspernatur excepturi quis assumenda aut. Autem illo in velit qui atque sed sint. Minus ut voluptas est exercitationem odio quas. Animi enim reiciendis est voluptatem.',5,'2020-02-13 19:17:03','2020-02-13 19:17:03'),(19,77,'Dr. Ignacio Renner','Non distinctio eos et deleniti. Non dolores aspernatur officia expedita. Alias unde et molestiae qui veniam error incidunt. Occaecati sit cupiditate nulla consequuntur aut earum ea.',3,'2020-02-13 19:17:03','2020-02-13 19:17:03'),(20,90,'Prof. Ladarius Hackett','Dolorum ducimus vel libero. Quam qui esse at dicta et. Facilis magnam incidunt vitae molestias voluptatibus tenetur. Delectus ut nobis ducimus molestiae deserunt repudiandae in accusantium. Sed dolor facilis est distinctio.',3,'2020-02-13 19:17:03','2020-02-13 19:17:03'),(21,51,'Mr. Mustafa Hegmann PhD','Mollitia ea eligendi accusantium amet consectetur illo. Harum praesentium et laboriosam et quam similique. Culpa consequatur aperiam vel sed dicta ratione. Consequuntur aut accusantium amet in.',3,'2020-02-13 19:17:03','2020-02-13 19:17:03'),(22,20,'Dr. Cloyd Haley IV','Et qui itaque fugit doloribus id earum sunt. Impedit libero voluptatem sunt in et. Sed voluptas modi dolor eligendi a impedit. Voluptas ipsam quam est eius sapiente.',5,'2020-02-13 19:17:03','2020-02-13 19:17:03'),(23,80,'Hobart Zboncak','Ab rerum ea tempore cupiditate. Saepe dolores laborum totam adipisci rerum reiciendis. Ut amet fugiat tenetur vel. Quae consequatur voluptas est.',4,'2020-02-13 19:17:03','2020-02-13 19:17:03'),(24,29,'Prof. Isaac Roob','Autem quis laboriosam enim non amet provident qui. Sit est libero quia eum reprehenderit dolores maiores. Repellendus fugiat praesentium corporis quia.',4,'2020-02-13 19:17:03','2020-02-13 19:17:03'),(25,28,'Modesto Bernier','Optio saepe perferendis voluptatem. Beatae veniam praesentium eaque sapiente accusantium sapiente et. Nostrum ratione quibusdam qui non vel. Cum ea dolorem est unde quia quasi.',4,'2020-02-13 19:17:03','2020-02-13 19:17:03'),(26,34,'Kianna Stamm','Nulla voluptates omnis neque maiores praesentium expedita. Nihil doloribus sunt aut asperiores. Qui autem possimus officiis fugit est quod est.',5,'2020-02-13 19:17:03','2020-02-13 19:17:03'),(27,94,'Mr. Shad Nader','Quam animi accusantium fugit explicabo. Itaque quos voluptates labore rerum eius hic tempore. Est fuga aliquam repellat voluptatem nam.',5,'2020-02-13 19:17:03','2020-02-13 19:17:03'),(28,96,'Albin Sanford Jr.','Non sint ea non expedita sed. Culpa doloribus qui fuga hic molestiae qui nihil cumque. Voluptatem quam et magni hic voluptatum commodi.',4,'2020-02-13 19:17:03','2020-02-13 19:17:03'),(29,69,'Sandra Cruickshank','Vero laborum est ipsa sed dolores qui. Numquam eos impedit quos ullam.',3,'2020-02-13 19:17:03','2020-02-13 19:17:03'),(30,85,'Antonio Lind','Distinctio maxime quidem autem. Sed aut ipsa autem illo occaecati aut. Molestiae expedita qui harum ut voluptas quae. Necessitatibus nostrum aspernatur atque amet quia.',3,'2020-02-13 19:17:03','2020-02-13 19:17:03'),(31,65,'Charlie Reynolds','Et aspernatur error natus nihil deleniti. Dolore voluptas maxime perspiciatis quia. Quod quia reprehenderit et natus et suscipit.',3,'2020-02-13 19:17:03','2020-02-13 19:17:03'),(32,20,'Roslyn Lockman','Rem nam sed vero consequatur. Omnis ut praesentium est odio occaecati. Voluptatibus aperiam inventore omnis.',5,'2020-02-13 19:17:03','2020-02-13 19:17:03'),(33,87,'Ms. Demetris Grimes','Distinctio rerum quidem quo alias culpa perspiciatis sed. Et possimus dignissimos qui nihil dolorum sint. Voluptatum adipisci officiis qui debitis nam.',3,'2020-02-13 19:17:03','2020-02-13 19:17:03'),(34,94,'Colten Kub','Eaque vitae alias occaecati ut. Eos voluptatem excepturi aliquid omnis omnis eius fugit. Debitis illo id debitis sed veniam at minima tenetur. Quo quasi nostrum ipsa corporis.',3,'2020-02-13 19:17:03','2020-02-13 19:17:03'),(35,13,'Kenneth Mayer','Nam non porro ipsam eius aut quia ipsum. Quia qui itaque assumenda debitis totam est ipsum nihil. Saepe rerum voluptatem libero rem.',3,'2020-02-13 19:17:03','2020-02-13 19:17:03'),(36,74,'Tad Fisher DVM','Autem modi sint veritatis magni. Unde ipsa voluptates quas consequatur quis vel. Repellat porro alias amet quia voluptas eligendi minus. Eos et et quos eveniet eos atque incidunt.',5,'2020-02-13 19:17:03','2020-02-13 19:17:03'),(37,19,'Marian Hackett','Et sapiente qui corporis voluptate saepe. Qui iste ut natus voluptate. Optio et ut maxime commodi iusto.',3,'2020-02-13 19:17:03','2020-02-13 19:17:03'),(38,70,'Prof. Tommie Huels','Iusto distinctio et aperiam natus quos. Labore eum nihil dolorum exercitationem. Cumque dolorem doloremque eaque quae sapiente corporis soluta.',3,'2020-02-13 19:17:03','2020-02-13 19:17:03'),(39,91,'Crawford Beer','Quidem recusandae ut aperiam praesentium ea iure. Iure deleniti sit explicabo sunt pariatur libero quis. Laborum illo quibusdam ea nemo. Iusto cum voluptas sunt.',3,'2020-02-13 19:17:04','2020-02-13 19:17:04'),(40,48,'Gene Farrell','A et amet sed dicta sunt. Fugit ex nihil quod libero. Ut architecto laboriosam accusamus et nulla quis.',5,'2020-02-13 19:17:04','2020-02-13 19:17:04'),(41,34,'Mrs. Scarlett Purdy II','Amet vel doloribus dolor perferendis. Non minima cupiditate temporibus quia vel quia praesentium necessitatibus. Aut quo laborum libero occaecati velit culpa dignissimos eos.',3,'2020-02-13 19:17:04','2020-02-13 19:17:04'),(42,39,'Deja Monahan','Labore sunt eos facilis nostrum quis. Molestiae aliquid voluptas molestiae sed. Aut vel voluptas suscipit vero id rem. In accusamus distinctio enim nihil animi labore.',4,'2020-02-13 19:17:04','2020-02-13 19:17:04'),(43,18,'Tiffany Sanford','Natus reprehenderit omnis explicabo a eum voluptatem perferendis. Ut illo repellendus voluptatum sint totam. Quaerat debitis optio aut quo voluptatem. Eveniet dolores odit in laboriosam.',4,'2020-02-13 19:17:04','2020-02-13 19:17:04'),(44,62,'Meghan Cremin','Nihil minus deserunt qui nihil facilis ea. Iusto et distinctio quia ex. Qui voluptatibus quisquam omnis.',3,'2020-02-13 19:17:04','2020-02-13 19:17:04'),(45,20,'Miss Anabelle Hauck III','Culpa non et libero laboriosam. Facere eligendi corrupti veritatis quis nisi neque. Fuga quisquam qui nihil praesentium iusto sint.',5,'2020-02-13 19:17:04','2020-02-13 19:17:04'),(46,59,'Prof. Alta Kihn DDS','Et provident eos dolore aut amet reiciendis magnam debitis. Nesciunt ea dolorum eligendi consequuntur ipsum.',5,'2020-02-13 19:17:04','2020-02-13 19:17:04'),(47,78,'Rachel Mitchell DVM','Ut ut sit beatae. Qui voluptas optio nostrum placeat. Laudantium voluptas dolores id excepturi sed velit excepturi. Dolore nam aspernatur facere recusandae.',3,'2020-02-13 19:17:04','2020-02-13 19:17:04'),(48,83,'Dr. Freddie Lang','Ad ipsa aliquid exercitationem architecto voluptas repudiandae. Iusto consequatur repellat aut doloremque.',3,'2020-02-13 19:17:04','2020-02-13 19:17:04'),(49,6,'Thurman Strosin','Qui rem consequuntur rerum quo quibusdam voluptatem. Id error enim nostrum atque culpa voluptatem in. Et aspernatur dolor unde et ratione omnis.',3,'2020-02-13 19:17:04','2020-02-13 19:17:04'),(50,64,'Noe Smitham','Sint autem consectetur est occaecati omnis. Consequuntur non et dolores et recusandae fuga in ut. Debitis voluptas sit ipsum dolor voluptatem qui quae. Sed accusantium quae officiis.',5,'2020-02-13 19:17:04','2020-02-13 19:17:04'),(51,69,'Roslyn Walker','Fugit voluptatum ut ducimus quod. Ratione consequatur sed enim earum. A libero neque fugiat provident id exercitationem eius possimus.',4,'2020-02-13 19:17:04','2020-02-13 19:17:04'),(52,89,'Marco Rau','Blanditiis enim amet et mollitia. Accusantium maiores distinctio consequatur in ratione consequatur voluptas. Dignissimos qui praesentium in excepturi quasi possimus tenetur. A magni quis dolor exercitationem. Qui ut sit tenetur dicta ullam minima quo.',3,'2020-02-13 19:17:04','2020-02-13 19:17:04'),(53,94,'Dave Gleason Jr.','Quasi earum temporibus quia autem. Similique odit aut nemo pariatur unde et accusamus deleniti. Molestiae nemo et ut laborum earum. Porro nobis reiciendis laudantium at adipisci ea sapiente.',3,'2020-02-13 19:17:04','2020-02-13 19:17:04'),(54,57,'Kamren Christiansen','Ea ea maiores dolorem dolorum in reprehenderit. Voluptatem temporibus nihil quia inventore. In suscipit tenetur sed quo optio voluptatem minima quae. Ut aperiam voluptatibus enim ut eum tempora.',3,'2020-02-13 19:17:04','2020-02-13 19:17:04'),(55,7,'Mr. Cleo Wuckert III','Repudiandae et ut suscipit deserunt. Non dolores architecto sint molestias dolorem nisi optio. Quasi odio reprehenderit aut ipsa doloribus quas ex id.',4,'2020-02-13 19:17:04','2020-02-13 19:17:04'),(56,91,'Mark Kessler DVM','Recusandae enim et velit qui quo et. Neque esse voluptas eum eos ut voluptas ut. Totam dolor voluptatem laborum saepe voluptates.',4,'2020-02-13 19:17:04','2020-02-13 19:17:04'),(57,60,'Terrill Terry','Veniam inventore consequatur dignissimos cum et odit. Molestiae et minus omnis quia consectetur nam consequatur. Earum minus deleniti excepturi et. Officiis ut commodi voluptates.',3,'2020-02-13 19:17:04','2020-02-13 19:17:04'),(58,61,'Dr. Madge Becker V','Et aut dolorem dolor voluptas consectetur officia. Qui molestiae at perferendis blanditiis autem eos nostrum. Vel dolorem qui dolor incidunt suscipit.',3,'2020-02-13 19:17:04','2020-02-13 19:17:04'),(59,52,'Dr. Reymundo Lowe IV','Sit aut eos id molestias nulla aut doloremque. Et ut velit sit maxime quia. Suscipit expedita inventore omnis illo natus explicabo. Perspiciatis occaecati ut voluptatibus.',3,'2020-02-13 19:17:04','2020-02-13 19:17:04'),(60,67,'Cassie Kautzer','A dolores ut nesciunt. Commodi deserunt qui ullam ipsa. Similique maxime sit sit distinctio quia animi enim voluptate. Qui quasi similique et consectetur reiciendis inventore sunt neque. Recusandae est quidem perspiciatis ea quam necessitatibus enim molestias.',4,'2020-02-13 19:17:04','2020-02-13 19:17:04'),(61,57,'Dr. Joanny Bayer V','Et ut quam accusamus et optio praesentium. Quo perferendis qui sed qui est sit. Eligendi dolores tempore delectus tempore. Aut reprehenderit libero aliquam.',5,'2020-02-13 19:17:04','2020-02-13 19:17:04'),(62,29,'Devonte Witting','Sit voluptates incidunt nemo facere at saepe deserunt. Possimus omnis quaerat ullam omnis quidem voluptatem quasi. Optio doloremque harum odit ut sed reprehenderit.',5,'2020-02-13 19:17:04','2020-02-13 19:17:04'),(63,49,'Patience Schamberger','A natus sapiente omnis ducimus eos officiis. Quia rerum fugiat illum ut est quis. Libero dolores cum dolores atque. Expedita vero alias et atque est.',3,'2020-02-13 19:17:04','2020-02-13 19:17:04'),(64,54,'Tabitha Gleason','Ad est est enim. Voluptate odit necessitatibus repellendus. Quisquam molestias blanditiis eius.',5,'2020-02-13 19:17:04','2020-02-13 19:17:04'),(65,76,'Mrs. Vincenza Parisian','Numquam ea perspiciatis dolores et. Qui minus repudiandae qui aut amet voluptas quod. Vel itaque dignissimos sit neque necessitatibus.',3,'2020-02-13 19:17:04','2020-02-13 19:17:04'),(66,79,'Monty Blick','Expedita eius voluptatem perferendis aut. Et magni similique saepe unde ipsum perferendis soluta. Neque exercitationem dolor temporibus.',5,'2020-02-13 19:17:04','2020-02-13 19:17:04'),(67,56,'Onie Prosacco','Ipsa ex in consectetur atque corporis quia. Officia esse laborum labore molestiae quisquam neque. Qui molestias aliquid non placeat similique nisi. Voluptatum quidem blanditiis et earum.',4,'2020-02-13 19:17:04','2020-02-13 19:17:04'),(68,88,'Golda Quitzon','Voluptas necessitatibus quasi cum culpa est. Voluptas omnis aut suscipit ut autem quas. Molestiae maxime culpa et quas.',5,'2020-02-13 19:17:04','2020-02-13 19:17:04'),(69,47,'Albert Rath','Libero maiores sunt quisquam. Sunt quod perspiciatis rerum error. Quia hic id consequuntur nulla sit totam autem. Velit qui pariatur maxime magni.',5,'2020-02-13 19:17:04','2020-02-13 19:17:04'),(70,65,'Gaetano Ryan IV','Optio iure aspernatur et alias id. Sed eligendi sint ut nemo. Ut eligendi laudantium vel est eveniet qui. Quis dolorum aliquam sint pariatur cumque.',5,'2020-02-13 19:17:04','2020-02-13 19:17:04'),(71,53,'Araceli Cormier II','Rem neque optio veritatis voluptates quae quia qui. Animi nihil eos eligendi sit dolorum omnis placeat. Ipsa maiores est placeat eum. Eveniet harum quia nihil et.',4,'2020-02-13 19:17:04','2020-02-13 19:17:04'),(72,20,'Matt Dooley','Quasi dicta facere ipsum molestiae inventore dolorem deleniti. Tempora molestiae facere aliquid consequuntur possimus. Sit commodi et alias iure ullam dolore iste. Est et debitis molestiae consectetur.',4,'2020-02-13 19:17:04','2020-02-13 19:17:04'),(73,42,'Emory Dare','Recusandae quae nulla in sunt in qui. Temporibus ut nobis animi dolore quia illum. Voluptas aut ullam eligendi architecto distinctio id. Est est enim consequatur velit et.',5,'2020-02-13 19:17:04','2020-02-13 19:17:04'),(74,94,'Janiya Anderson','Ad quam necessitatibus itaque quibusdam sit et minus enim. Optio voluptate fuga necessitatibus perferendis. Fuga sed aut voluptatibus blanditiis eum. Nam eos consequatur voluptatibus architecto nesciunt quae.',4,'2020-02-13 19:17:05','2020-02-13 19:17:05'),(75,17,'Shea Bechtelar','Qui quisquam voluptas quo qui sed. Corrupti quod quaerat cumque maxime sint quaerat. Natus ut eligendi sit.',4,'2020-02-13 19:17:05','2020-02-13 19:17:05'),(76,85,'Rosetta Hamill','Quibusdam qui ut reprehenderit adipisci accusamus. Eius animi excepturi ut aspernatur unde quia perspiciatis. Non soluta debitis nulla quod ut. Suscipit in autem voluptatem suscipit repellendus qui sed.',3,'2020-02-13 19:17:05','2020-02-13 19:17:05'),(77,60,'Sabryna Becker','Voluptas beatae quam omnis voluptatem. Nemo odio cupiditate molestiae rem. Non voluptatem ut atque rerum facere officia. Debitis animi quis aut porro ex repudiandae ipsa.',3,'2020-02-13 19:17:05','2020-02-13 19:17:05'),(78,60,'Marilyne Jakubowski','Omnis qui recusandae voluptatem debitis. Occaecati quo incidunt est. Alias dignissimos cupiditate totam fugit dolorem. Laboriosam quaerat voluptas officiis ipsa excepturi quaerat.',5,'2020-02-13 19:17:05','2020-02-13 19:17:05'),(79,60,'Tavares Tromp','Tempora aut labore eius perferendis nam. Pariatur quisquam cumque earum adipisci. Enim corrupti officiis voluptatem ut reprehenderit commodi.',5,'2020-02-13 19:17:05','2020-02-13 19:17:05'),(80,40,'Prof. Ellsworth Crooks','Rerum sed qui dolores quae sit beatae. Eaque voluptatum velit quaerat quis. Illum sint eos tenetur maxime vel iure commodi.',3,'2020-02-13 19:17:05','2020-02-13 19:17:05'),(81,88,'Dulce Hyatt','Pariatur voluptas molestias debitis. Rerum commodi omnis harum. Consequuntur harum sequi accusantium consequatur perferendis praesentium consequuntur amet. Eos laborum beatae et magni sed.',4,'2020-02-13 19:17:05','2020-02-13 19:17:05'),(82,5,'Dorcas Koch','Aut optio commodi eum voluptas dignissimos soluta nemo. Reprehenderit fuga quas est consectetur dolore et earum cum. Voluptatem porro molestiae et odit. Deserunt cum voluptas qui eum aut ut.',5,'2020-02-13 19:17:05','2020-02-13 19:17:05'),(83,44,'Cleo Cummings','Aut nulla saepe dolores accusamus vel. Est consequatur praesentium ut labore sed dicta ullam. Sunt minima exercitationem ipsum voluptatibus modi maiores possimus. Sunt fuga autem illo. Molestiae blanditiis optio non animi.',5,'2020-02-13 19:17:05','2020-02-13 19:17:05'),(84,91,'Marcos Goodwin','Commodi at est magnam eveniet sed dolore. Voluptates nemo quo autem laboriosam aspernatur voluptas maxime. Nemo et voluptatem fugiat quia cupiditate. Optio qui fugiat nesciunt eum quod sed mollitia.',4,'2020-02-13 19:17:05','2020-02-13 19:17:05'),(85,51,'Frieda Towne','Voluptatem similique quisquam incidunt quia nisi voluptas. Quaerat nesciunt aliquam doloremque est. Possimus at dolorem molestiae a.',5,'2020-02-13 19:17:05','2020-02-13 19:17:05'),(86,52,'Dr. Esther Bergnaum','Delectus nostrum voluptas animi et. Eius aut repudiandae et vero cumque qui tempore. Eum adipisci explicabo nulla et ipsam vel.',5,'2020-02-13 19:17:05','2020-02-13 19:17:05'),(87,18,'Eldora Conroy','Asperiores qui et inventore et consequatur animi nobis. Nemo qui assumenda iure iure. Eum aut dolore magnam qui. Perspiciatis voluptatem voluptatem assumenda explicabo maiores saepe atque repellat.',5,'2020-02-13 19:17:05','2020-02-13 19:17:05'),(88,88,'Tobin Wintheiser','Ut rem molestiae dolorem vitae. Veniam dolor aut molestiae voluptatem vitae. Optio voluptatem ratione asperiores alias vel.',4,'2020-02-13 19:17:05','2020-02-13 19:17:05'),(89,74,'Cyrus Heller','Est nihil quidem assumenda voluptatem. Natus aut ut saepe similique commodi sunt. Voluptatibus ea dolorem ipsam ut.',3,'2020-02-13 19:17:05','2020-02-13 19:17:05'),(90,55,'Florence Carter','Cupiditate iusto harum ut rem facilis est ut. Et non voluptate iste labore excepturi. Et aut ipsa numquam ipsam et est.',3,'2020-02-13 19:17:05','2020-02-13 19:17:05'),(91,22,'Rahul Kautzer','Aliquam eius aspernatur tempore illum. Numquam ea alias ut magnam saepe. At aperiam eaque placeat reiciendis eos architecto. Ut et voluptatum soluta.',5,'2020-02-13 19:17:05','2020-02-13 19:17:05'),(92,97,'Dr. Caesar Gutmann Sr.','Maxime mollitia vel voluptatem ratione quaerat aut accusamus. Eligendi neque quia veritatis aut omnis. Voluptas error unde aperiam aut. Enim harum aut esse sit non voluptas nisi.',5,'2020-02-13 19:17:05','2020-02-13 19:17:05'),(93,35,'Dr. Madeline Champlin MD','Ea modi sed totam beatae tenetur. Voluptatum quidem rerum nisi et. Ut nesciunt veniam cum est quas ducimus commodi. Dolore ea recusandae qui qui vero. Error expedita aut quam animi minus sequi saepe.',4,'2020-02-13 19:17:05','2020-02-13 19:17:05'),(94,40,'Antwan Boehm','A est velit hic ducimus enim sed perspiciatis. Natus magni quo consectetur corporis. Aut tempore aut nihil est.',3,'2020-02-13 19:17:05','2020-02-13 19:17:05'),(95,24,'Norwood Olson','Eos saepe accusamus cumque rerum commodi perferendis repellat. Facilis sint earum magni et consequatur aut. Consectetur in cum velit. Quia enim quia excepturi fugit est qui.',5,'2020-02-13 19:17:05','2020-02-13 19:17:05'),(96,15,'Jamir Johnson','Asperiores consectetur sed eum dolore placeat inventore. Neque eos eum aspernatur explicabo omnis. Magni reprehenderit ut repudiandae et voluptas sit. Voluptatem voluptas est ratione doloremque.',3,'2020-02-13 19:17:05','2020-02-13 19:17:05'),(97,12,'Lucious Rice','Sit facere et dolorem impedit exercitationem. Libero aut minus rerum et ut. Aut debitis voluptates ducimus alias. Quidem sapiente consectetur eum tempora laboriosam sint iste.',3,'2020-02-13 19:17:05','2020-02-13 19:17:05'),(98,49,'Garry Christiansen Jr.','Numquam voluptas quia sequi provident minima earum. Quo quae repudiandae consequatur accusamus cumque sint voluptatum veritatis. Non vel non non ducimus nobis molestias ratione. Aut aliquid qui aut qui possimus reprehenderit.',4,'2020-02-13 19:17:05','2020-02-13 19:17:05'),(99,26,'Thad Bailey','Architecto culpa reiciendis consequuntur ut facilis molestiae. Occaecati labore eaque cumque dolor explicabo quia. Dolorem et error non. Aut molestiae tempore fugiat. Ex totam unde placeat maxime molestiae est blanditiis.',3,'2020-02-13 19:17:05','2020-02-13 19:17:05'),(100,13,'Mrs. Abbigail Bergstrom III','Qui dolor et est consequatur minima in. Reiciendis dolorum reiciendis magnam unde.',4,'2020-02-13 19:17:05','2020-02-13 19:17:05'),(101,63,'Claudia Gottlieb','Autem dolores tempora fuga. Laboriosam natus inventore dolor voluptates et minima blanditiis dolorem. Ut quis nisi culpa quas repellendus vel veniam. Provident veritatis sapiente tempore officia.',3,'2020-02-13 19:17:05','2020-02-13 19:17:05'),(102,32,'Johan Powlowski','Et non quia veritatis temporibus sint officia deleniti. Error quas voluptas vel aut quis.',5,'2020-02-13 19:17:05','2020-02-13 19:17:05'),(103,97,'Lilly Lebsack','Totam rerum nemo accusantium et voluptatem ullam. Ex esse repellat asperiores alias et odit. Numquam dolorem expedita dolorem voluptatibus dolorum voluptatem ut est. Provident nihil voluptas qui deserunt ipsam quia. Deserunt placeat rerum eligendi et ea fugiat illum.',5,'2020-02-13 19:17:05','2020-02-13 19:17:05'),(104,84,'Mazie Ryan','Maxime harum dicta expedita nam facere consectetur dolor. Consequatur eum officiis accusantium veritatis cupiditate. Repellat voluptas vitae voluptas rerum quae.',4,'2020-02-13 19:17:05','2020-02-13 19:17:05'),(105,19,'Mrs. Marjorie Schaden IV','Pariatur quos iusto distinctio adipisci veniam. Ut sed quod quia ipsam ut adipisci odio. Veniam est ullam quod sed vel atque. Officiis voluptas ipsam aut quam est.',3,'2020-02-13 19:17:05','2020-02-13 19:17:05'),(106,25,'Maybell Sipes II','Enim sed cupiditate placeat nemo consectetur soluta. Quos inventore nobis recusandae rerum aspernatur. Labore corporis dolorem eius itaque aut quod eum. Eum earum expedita sit est aut et.',5,'2020-02-13 19:17:06','2020-02-13 19:17:06'),(107,72,'Aidan Rosenbaum','Doloremque culpa voluptas possimus odit beatae adipisci. Animi et omnis molestiae consequatur est. Ipsa accusamus ipsam aut.',3,'2020-02-13 19:17:06','2020-02-13 19:17:06'),(108,69,'Rafael Champlin','Fugit vitae nihil eaque adipisci similique velit. Minima repellendus illum neque praesentium. Consequuntur cupiditate delectus animi eum. Non et tempore id at accusantium numquam.',3,'2020-02-13 19:17:06','2020-02-13 19:17:06'),(109,13,'Abner Vandervort','Ad aspernatur eius blanditiis adipisci. Sapiente quod dolor sed harum est fuga atque quas. Exercitationem animi laudantium sapiente cumque.',5,'2020-02-13 19:17:06','2020-02-13 19:17:06'),(110,10,'Gardner Rath DDS','Laboriosam odit dolor amet et aut tempora ut. Et est reprehenderit tempora voluptate autem quia. Asperiores eum incidunt sit similique voluptas.',5,'2020-02-13 19:17:06','2020-02-13 19:17:06'),(111,22,'Abigayle Gutkowski MD','Aliquid minus tempora quia in. Odit iusto voluptatibus est libero saepe sit quia fugit. Odio nemo facilis sit qui consequatur. Explicabo nisi voluptatibus voluptas consequatur repudiandae nostrum ipsam.',4,'2020-02-13 19:17:06','2020-02-13 19:17:06'),(112,25,'Joelle Price','Magni et assumenda odit ut et at et. Iusto in et ab non. Quasi placeat maxime et consectetur. Quia perspiciatis cumque aliquam ex nemo iusto.',5,'2020-02-13 19:17:06','2020-02-13 19:17:06'),(113,51,'Prof. Dulce Schaefer Jr.','Rerum omnis dignissimos dolor laborum eos dolorem. Error debitis est sit facilis et sed nemo. Et vero amet reiciendis voluptate ut temporibus.',3,'2020-02-13 19:17:06','2020-02-13 19:17:06'),(114,72,'Miss Zora Pfeffer','Rerum quod nihil praesentium soluta qui. Veritatis minus culpa non omnis quis sapiente mollitia.',5,'2020-02-13 19:17:06','2020-02-13 19:17:06'),(115,35,'Aurelio Bogan IV','Aspernatur dolorum quos magnam adipisci est maiores accusantium. Placeat dolor et ea est quo in ipsa recusandae. Incidunt omnis est ratione suscipit. Corrupti modi laborum cupiditate nostrum odit qui consequatur corrupti. Qui dolores qui aut quas asperiores.',5,'2020-02-13 19:17:06','2020-02-13 19:17:06'),(116,17,'Emil Dach DVM','Sint et porro unde nesciunt qui quasi quibusdam. Accusantium nemo id officia ratione sequi enim ipsam. Ut in excepturi est doloremque perspiciatis quis ratione. Delectus ipsum voluptatibus facere voluptas.',3,'2020-02-13 19:17:06','2020-02-13 19:17:06'),(117,25,'Eusebio Wolf','Nisi sequi rerum alias numquam non est. Aut veniam eligendi unde deleniti. Sint aut dolor pariatur expedita. Exercitationem dolorem rerum tempora consectetur neque non.',4,'2020-02-13 19:17:06','2020-02-13 19:17:06'),(118,55,'Joanie Smith','Quod omnis dicta neque similique atque eum. Nihil saepe odio ullam similique est mollitia. Ut earum quos labore. Reprehenderit in ut aut aliquam est voluptates. Aut velit non iure consequatur asperiores.',4,'2020-02-13 19:17:06','2020-02-13 19:17:06'),(119,61,'Karen Dooley','Vel voluptas explicabo omnis quod repellat laboriosam. Fugit quasi quam quis fugit. At molestiae perspiciatis aut maiores. Enim est perferendis veritatis quidem sed rem quidem.',5,'2020-02-13 19:17:06','2020-02-13 19:17:06'),(120,32,'Jedediah Cronin','Rerum eum eius fuga molestiae pariatur qui ea. Sed consectetur officia neque incidunt rem. Quidem quod assumenda et debitis dolore ab.',4,'2020-02-13 19:17:06','2020-02-13 19:17:06'),(121,84,'Braxton Welch','Molestiae a omnis iste est. Sit ipsam ut in quasi laborum quisquam. Quia fuga accusamus quis quidem et voluptatem veniam. Ut aut voluptatum dolores fugiat qui.',4,'2020-02-13 19:17:06','2020-02-13 19:17:06'),(122,36,'Celia Schaefer III','Omnis pariatur possimus cum iure placeat cum. Sint culpa debitis voluptas sequi delectus quasi voluptatum. Saepe aut labore pariatur ut eius id. Saepe repudiandae aut aspernatur tempore facilis.',3,'2020-02-13 19:17:06','2020-02-13 19:17:06'),(123,27,'Dedric Padberg DVM','Impedit veniam tempora consequatur doloribus ipsam. Ea officiis laudantium est dolor voluptatem officia officia. Sunt voluptas voluptatem neque qui laboriosam quisquam. Iure qui aut eos quidem eum.',5,'2020-02-13 19:17:06','2020-02-13 19:17:06'),(124,54,'Keyon Schamberger','Quia provident ab ut quidem. Voluptatem et fuga assumenda ut consequatur debitis soluta. Aut similique hic autem cupiditate fugiat iure corporis.',5,'2020-02-13 19:17:06','2020-02-13 19:17:06'),(125,78,'Charles Ankunding','Necessitatibus vel consequatur officiis minus dignissimos ut. Rerum nisi ab omnis quaerat. Deserunt nihil pariatur assumenda ducimus esse magni labore.',5,'2020-02-13 19:17:06','2020-02-13 19:17:06'),(126,24,'Devin Gulgowski','Maiores quasi perspiciatis quae nemo labore quos praesentium. Iste aspernatur sed qui quas occaecati qui ea. Et quas tempora voluptate maxime ratione aut debitis.',4,'2020-02-13 19:17:06','2020-02-13 19:17:06'),(127,91,'Zoe Hamill','Labore omnis voluptate quibusdam nemo. Aspernatur possimus assumenda ut ad voluptatum quod. Et voluptatibus vel velit eos amet fugit.',5,'2020-02-13 19:17:06','2020-02-13 19:17:06'),(128,89,'Ervin Harris','Impedit est a ut ratione nam quod animi. Deleniti veritatis eum soluta explicabo nihil quidem. Magnam fugiat quos ut repellendus ducimus.',3,'2020-02-13 19:17:06','2020-02-13 19:17:06'),(129,85,'Ona Douglas','Ut eveniet fugiat cupiditate dolor aut rerum. Impedit assumenda et dolor non ullam. A ipsam ut exercitationem et eius. A nam eum ut harum. Quae aut facilis velit iusto qui.',3,'2020-02-13 19:17:06','2020-02-13 19:17:06'),(130,37,'Serenity Schmeler','Quia sit similique eos. Sed ut inventore praesentium quibusdam quasi ipsum pariatur. Aliquam adipisci in placeat totam minima aut reprehenderit labore. Quia ut consequuntur velit quis.',3,'2020-02-13 19:17:07','2020-02-13 19:17:07'),(131,36,'Diana Green','Debitis dolores reprehenderit ea minima deleniti. Voluptatem sunt cupiditate tenetur explicabo dolorem. Quasi rerum aut nesciunt quos sit assumenda.',4,'2020-02-13 19:17:07','2020-02-13 19:17:07'),(132,31,'Vladimir Schuppe IV','Illo aspernatur magni consequuntur reprehenderit eos. Molestiae dicta ipsam consectetur magni consequatur. Dicta minus facilis cupiditate beatae nostrum esse.',4,'2020-02-13 19:17:07','2020-02-13 19:17:07'),(133,99,'Ernie Mante','Quis dolorum facilis illo nihil quaerat ab. Doloribus cum id et at. Voluptas placeat explicabo impedit quaerat iste ea fugit. Ut iste perferendis esse molestias qui itaque.',3,'2020-02-13 19:17:07','2020-02-13 19:17:07'),(134,76,'Dr. Ferne O\'Kon DVM','Aut eaque quia quod voluptatibus consequuntur. Quia voluptatem dolorem fugit magni aut nihil sit. Sed impedit doloribus id culpa ipsa quia. Alias sunt harum accusantium repellendus praesentium aut qui necessitatibus.',3,'2020-02-13 19:17:07','2020-02-13 19:17:07'),(135,58,'Rosanna Reinger','Qui aperiam assumenda et aut est. Vel qui rem et dolorum vitae. Reprehenderit nesciunt ducimus quibusdam autem.',3,'2020-02-13 19:17:07','2020-02-13 19:17:07'),(136,69,'Alysha Fisher','Soluta labore explicabo quibusdam et quis dolores. Voluptate repudiandae qui eos et quidem voluptas voluptate. Cumque et voluptatum officiis non architecto amet repudiandae. Et rem occaecati impedit.',3,'2020-02-13 19:17:07','2020-02-13 19:17:07'),(137,1,'Houston Herzog I','Facilis qui voluptas et magnam. Molestiae ut culpa qui adipisci. Explicabo magni animi delectus optio molestiae.',3,'2020-02-13 19:17:07','2020-02-13 19:17:07'),(138,98,'Mr. Abel Christiansen IV','Aut vero voluptatum molestias neque ex quam. Placeat ut rem et sint voluptates. In modi consectetur suscipit eos.',4,'2020-02-13 19:17:07','2020-02-13 19:17:07'),(139,4,'Delbert Heaney','Repellat assumenda sed repellendus itaque sit magnam numquam. Id sed quam ipsa cum. Voluptas aut enim nihil porro velit alias. Atque tempora sit et velit.',4,'2020-02-13 19:17:07','2020-02-13 19:17:07'),(140,93,'Mr. Jayme Wyman','Dolores aut sint nobis voluptas quae. Magnam tenetur sit enim.',4,'2020-02-13 19:17:07','2020-02-13 19:17:07'),(141,66,'Eldora Kohler Sr.','Dolor molestias optio molestias ad similique. Reprehenderit occaecati consequatur incidunt natus id libero saepe. Laborum nihil rerum repellendus. Dolor numquam ipsam eveniet commodi.',3,'2020-02-13 19:17:07','2020-02-13 19:17:07'),(142,99,'Mikel King','Qui quis harum vel quod vel possimus ea. Et eaque modi delectus tempora incidunt. Nisi eius nostrum iure. Itaque consequatur rerum neque.',4,'2020-02-13 19:17:07','2020-02-13 19:17:07'),(143,58,'Evangeline Reynolds Sr.','Quod dolor ut sed odio fugiat. Dolorem vel voluptas veritatis ipsum eos eaque eum. Numquam non eveniet impedit quae minus.',4,'2020-02-13 19:17:07','2020-02-13 19:17:07'),(144,10,'Ken Schimmel','Ipsam cupiditate numquam quis animi. Occaecati autem atque explicabo consequuntur aliquid id. Omnis culpa minus ipsam.',5,'2020-02-13 19:17:07','2020-02-13 19:17:07'),(145,94,'Mrs. Chloe Fay','Porro voluptatum possimus officia aut corrupti. Assumenda consequatur temporibus et. Commodi odit natus itaque impedit neque. Rem ut pariatur qui nemo voluptatibus quae.',5,'2020-02-13 19:17:07','2020-02-13 19:17:07'),(146,42,'Marvin Wolf DVM','Sed aliquid nihil possimus labore quam dolorem voluptas. Accusantium placeat consectetur labore laboriosam ratione laudantium doloremque. Et voluptas dolor aliquam nihil. Neque provident quasi et perspiciatis et.',5,'2020-02-13 19:17:07','2020-02-13 19:17:07'),(147,90,'Dovie Collins','Quam iure nisi sit quia incidunt. Maxime quia esse impedit et voluptatem laboriosam dicta. Et quasi cumque tempore officia blanditiis quasi.',5,'2020-02-13 19:17:07','2020-02-13 19:17:07'),(148,34,'Jalon Hackett','Occaecati sed nam et illo iure sed. Praesentium assumenda ab voluptas perferendis sunt odio et.',5,'2020-02-13 19:17:07','2020-02-13 19:17:07'),(149,38,'Cara White IV','Eum assumenda vel odio. Porro maxime qui est mollitia sunt vel est atque.',4,'2020-02-13 19:17:07','2020-02-13 19:17:07'),(150,80,'Zoila Bernhard DDS','Officia ut aperiam consectetur soluta quod occaecati. Culpa doloremque libero necessitatibus consequatur ipsum ut architecto. Qui velit odit deleniti aut debitis consequatur. Quidem eveniet rerum deserunt ut.',4,'2020-02-13 19:17:07','2020-02-13 19:17:07'),(151,16,'Bridgette Wehner','Velit neque qui cupiditate voluptas voluptas tempora quae. Cupiditate molestiae qui quae aspernatur et doloribus dolorum. Hic facilis est alias.',4,'2020-02-13 19:17:07','2020-02-13 19:17:07'),(152,69,'Arvid Schultz','Et cum earum id tempora sapiente blanditiis pariatur. Ipsum et dolores ut est veritatis. Fugiat excepturi quod magnam dolores molestiae. Ducimus et eos sed ullam.',5,'2020-02-13 19:17:07','2020-02-13 19:17:07'),(153,48,'Elisha Carter','Asperiores eos dolor molestiae quisquam et reprehenderit. Beatae qui est vel iusto ratione voluptatum iure quia. Expedita cupiditate pariatur et sed quisquam est. Eos omnis quidem explicabo et.',4,'2020-02-13 19:17:07','2020-02-13 19:17:07'),(154,7,'Eleanore Schinner','Consequuntur ratione dolor temporibus distinctio sit necessitatibus aut. Dignissimos aspernatur perferendis voluptatibus doloremque. Corporis sunt natus doloremque consequatur.',4,'2020-02-13 19:17:07','2020-02-13 19:17:07'),(155,85,'Sandra Hermann','Debitis repellat aut veniam in rem sequi itaque. Maiores officia est nemo voluptatem earum corporis. Quia possimus non sapiente rerum quae ullam. Perspiciatis accusamus temporibus harum est debitis.',5,'2020-02-13 19:17:07','2020-02-13 19:17:07'),(156,74,'Mr. Markus Romaguera II','Culpa quam quasi dolor inventore tempore enim sint eveniet. Deleniti et ipsum dolores error repudiandae. Quia exercitationem libero voluptatum odio itaque repudiandae. Quo vel nam eius tenetur.',3,'2020-02-13 19:17:07','2020-02-13 19:17:07'),(157,42,'Dr. Saul Homenick','Rerum non repellat odio dolores aut illum eligendi. Aut qui qui deleniti in enim ad. Eius libero possimus a voluptates.',5,'2020-02-13 19:17:07','2020-02-13 19:17:07'),(158,20,'Mr. Elmore Pfeffer I','Ipsum deserunt architecto consequatur dicta. Culpa rerum architecto quisquam totam asperiores. Deserunt enim aut labore.',4,'2020-02-13 19:17:07','2020-02-13 19:17:07'),(159,51,'Stone Cronin','Quis ipsam ad necessitatibus praesentium itaque. Optio provident dolores et quisquam sint dolorum voluptate. Voluptas nemo nemo et. Consequatur illo cupiditate ullam voluptatem ipsa quaerat.',5,'2020-02-13 19:17:07','2020-02-13 19:17:07'),(160,65,'Ashlynn Raynor','Qui sit explicabo qui debitis. Nesciunt numquam incidunt sed sed molestiae architecto et ipsam. Aut nemo qui aliquid asperiores et.',3,'2020-02-13 19:17:07','2020-02-13 19:17:07'),(161,94,'Clementine Hintz','Quia quos perspiciatis ducimus voluptates velit autem. Culpa recusandae nihil reprehenderit vel necessitatibus. Omnis voluptas numquam sapiente libero.',5,'2020-02-13 19:17:07','2020-02-13 19:17:07'),(162,15,'Daniella Grady','Architecto accusamus dolorem libero quae ducimus autem. Ea temporibus cum a ipsam. Ut quasi omnis laudantium magni sed officia excepturi praesentium. Dolorum nulla blanditiis qui commodi natus nobis quia asperiores.',4,'2020-02-13 19:17:07','2020-02-13 19:17:07'),(163,80,'Dr. Murphy Boyle I','Omnis rem rerum quia saepe sit. Distinctio ab magni provident et ratione quia. Natus ut amet vel sunt maxime omnis.',3,'2020-02-13 19:17:07','2020-02-13 19:17:07'),(164,20,'Earnest Olson','Blanditiis quis quis eveniet at delectus sint. Dolore inventore vero cupiditate sint voluptatem. Omnis illum molestias est numquam et qui. Quia voluptatem ea aut perspiciatis.',3,'2020-02-13 19:17:08','2020-02-13 19:17:08'),(165,31,'Pedro Russel','Qui fuga ducimus delectus eligendi fugiat iure est. Animi est et distinctio rerum impedit est esse. Vel corporis accusantium ullam adipisci aperiam aliquid.',4,'2020-02-13 19:17:08','2020-02-13 19:17:08'),(166,89,'Kade Russel','Hic tenetur voluptatem non soluta. Quibusdam error quasi ipsum quis.',3,'2020-02-13 19:17:08','2020-02-13 19:17:08'),(167,79,'Reagan Crona','Laborum quo et enim consequatur quo pariatur. Facilis commodi blanditiis molestias ea autem. Corporis voluptatum eos architecto porro quia impedit doloremque.',3,'2020-02-13 19:17:08','2020-02-13 19:17:08'),(168,27,'Conner Swift I','Eos accusamus hic rem eum est excepturi at. Earum est maxime tempore ea voluptatem inventore voluptas. Hic amet incidunt expedita impedit.',3,'2020-02-13 19:17:08','2020-02-13 19:17:08'),(169,56,'Susan Schmeler','Sed culpa velit nisi id optio perferendis blanditiis. Id impedit nam provident esse aut quos. Illo et saepe quam voluptatibus dolorem debitis minus. Laudantium voluptas architecto cupiditate eius est.',3,'2020-02-13 19:17:08','2020-02-13 19:17:08'),(170,60,'Haylee Hudson PhD','Delectus a vel mollitia rerum. Ut excepturi illum distinctio aliquam earum natus voluptatem iure. Vitae et vero ea ab libero temporibus quia non.',4,'2020-02-13 19:17:08','2020-02-13 19:17:08'),(171,14,'Ressie McKenzie','Consectetur necessitatibus earum mollitia voluptatem rerum consectetur. Sint repellat laboriosam rerum quos voluptates. Voluptas magnam ut error non odio. Nulla quis illo autem aut voluptas.',3,'2020-02-13 19:17:08','2020-02-13 19:17:08'),(172,71,'Berneice Toy I','Tenetur dolorem soluta itaque consectetur veniam sint ea. In quasi fuga odit doloremque voluptate sapiente. Animi sint quidem nam sed. Et quas nemo pariatur neque molestiae.',4,'2020-02-13 19:17:08','2020-02-13 19:17:08'),(173,34,'Alysa Beahan','Provident nemo molestias sit incidunt quia. Culpa est corporis aut voluptas delectus nostrum modi reprehenderit. Consectetur quia ut et veniam. In ut sed quidem aut ratione. Pariatur nisi voluptatem fugit assumenda omnis.',5,'2020-02-13 19:17:08','2020-02-13 19:17:08'),(174,26,'Alvera Wilkinson V','Voluptates temporibus voluptatem enim dolorum aliquid ut. Nobis suscipit mollitia aut sapiente.',4,'2020-02-13 19:17:08','2020-02-13 19:17:08'),(175,35,'Emmanuelle Lehner','Rerum iste cupiditate at autem accusantium eius in. Sunt voluptatem voluptas ut blanditiis explicabo enim vel.',5,'2020-02-13 19:17:08','2020-02-13 19:17:08'),(176,19,'Holden Dooley','Odio ad excepturi et quidem commodi sunt. Quos ut porro facilis quia aut animi. Odio accusamus aut qui eos dignissimos hic.',4,'2020-02-13 19:17:08','2020-02-13 19:17:08'),(177,51,'Miss Brenna Hessel','Quae et sint unde libero quam. Laudantium eos autem est ut. Voluptatem tempore voluptatum molestiae sed. Repellat laudantium ipsum odit eum explicabo neque nesciunt.',5,'2020-02-13 19:17:08','2020-02-13 19:17:08'),(178,23,'Gus Bergstrom','Voluptatem placeat exercitationem quis consectetur magnam. Iusto ut quisquam et et totam atque saepe in. Aut accusantium qui distinctio deserunt omnis illo eveniet et. Dolor non veritatis ut quia.',4,'2020-02-13 19:17:08','2020-02-13 19:17:08'),(179,61,'Cullen Schuster','Voluptate itaque ut eos vero eos. Omnis iure eligendi nihil laborum vitae et tempore pariatur. Reiciendis voluptas voluptate eos omnis provident.',3,'2020-02-13 19:17:08','2020-02-13 19:17:08'),(180,74,'Aisha Bernier','Earum sint harum explicabo deleniti perspiciatis. Totam aut necessitatibus non dicta. Perspiciatis et neque modi.',5,'2020-02-13 19:17:08','2020-02-13 19:17:08'),(181,47,'Ezekiel Considine DDS','Ut perspiciatis quidem et sed. Atque aut alias est qui. Sint ab architecto blanditiis. Minima ducimus debitis doloribus.',3,'2020-02-13 19:17:08','2020-02-13 19:17:08'),(182,17,'Prof. Bradford Stehr DDS','Est quis qui tempore harum aut architecto. Consectetur molestias dolorem et impedit veniam. Ipsa quaerat architecto aut quia et fugit et consectetur.',4,'2020-02-13 19:17:08','2020-02-13 19:17:08'),(183,11,'Mrs. Claudie Leannon MD','Ut dolores nesciunt et doloribus nam earum consequatur. Quas ut ab laudantium vitae veniam placeat sapiente. Enim soluta sed aut veniam voluptatibus. Et officiis beatae est voluptas. Aut esse earum tenetur deserunt nihil est nihil.',3,'2020-02-13 19:17:08','2020-02-13 19:17:08'),(184,17,'Jeff Bauch','Repellendus est quia quia sapiente non sed aperiam. Similique at aut numquam id est voluptas. Odit officia assumenda voluptas possimus dicta sunt omnis eum. Asperiores numquam vitae aliquid tenetur aliquam est.',4,'2020-02-13 19:17:08','2020-02-13 19:17:08'),(185,37,'Kelsi Corkery','Aut aut rerum et aut. Aut quis ab explicabo.',5,'2020-02-13 19:17:08','2020-02-13 19:17:08'),(186,100,'Mr. Cyrus Gulgowski','Accusantium et inventore veniam est consequuntur. Rerum excepturi et excepturi. Quia voluptatem aperiam qui aliquam dolores ducimus et accusantium. Non quia ipsum sit corporis asperiores numquam nam.',4,'2020-02-13 19:17:08','2020-02-13 19:17:08'),(187,5,'Dr. Charlotte Schmitt PhD','Debitis quis optio minima assumenda. Voluptates praesentium aspernatur consequatur quia aut. Porro repudiandae impedit pariatur dolorum.',4,'2020-02-13 19:17:08','2020-02-13 19:17:08'),(188,100,'Dr. Brook Morissette','Enim hic animi ipsum suscipit. Voluptatem nisi mollitia inventore molestiae esse. Quia veniam sit beatae velit nisi ex quis.',4,'2020-02-13 19:17:08','2020-02-13 19:17:08'),(189,70,'Mrs. Sandrine Leffler DVM','Eum laboriosam enim voluptate. Quibusdam magni nesciunt blanditiis soluta voluptate nesciunt asperiores temporibus. Consequatur veniam ut et molestias aut facilis.',3,'2020-02-13 19:17:08','2020-02-13 19:17:08'),(190,8,'Reymundo Schultz','Et et tempora in soluta enim ut. Iusto aliquid quam similique aspernatur aspernatur minima temporibus. Modi cum est placeat fugiat rem nulla quasi.',3,'2020-02-13 19:17:08','2020-02-13 19:17:08'),(191,21,'Julianne Witting','Alias qui possimus qui doloremque consequatur commodi eum. Iusto deserunt ut eum quae veniam fugiat. Ab voluptatem et et unde veniam quos ut rerum.',5,'2020-02-13 19:17:08','2020-02-13 19:17:08'),(192,86,'Kristina Boehm','Iure illum commodi tenetur omnis est. Dolorem ut error aut. Necessitatibus omnis non sunt. Saepe odit ea sint ut laboriosam autem quia.',3,'2020-02-13 19:17:08','2020-02-13 19:17:08'),(193,22,'Sylvia Yundt','Eius voluptas placeat laboriosam vel. Qui voluptatem minus adipisci vel illum. Omnis error facere aut et ratione et iure ullam. Quia esse quod provident nesciunt laudantium dolore ad.',5,'2020-02-13 19:17:08','2020-02-13 19:17:08'),(194,26,'Nat Wyman II','Placeat aut quisquam et velit est. Ipsum odit sed itaque consequatur. Accusantium ipsam debitis nihil incidunt. Rerum voluptatem mollitia sed aut est. Eos omnis quod odio qui.',5,'2020-02-13 19:17:09','2020-02-13 19:17:09'),(195,26,'Mortimer Jacobson','Tenetur qui soluta ad neque in quo eum. Nulla illo distinctio voluptate non exercitationem. A dolorem natus et fuga. Quo velit eveniet veritatis est minima quas tenetur.',4,'2020-02-13 19:17:09','2020-02-13 19:17:09'),(196,59,'Kathleen Strosin','Dolorem non aut non voluptatem ducimus reiciendis qui. Eum fugit animi quibusdam quod reprehenderit illo sit. Repellendus amet dolorem non ut voluptatem aut. Aut illo earum molestiae ex nisi sunt.',5,'2020-02-13 19:17:09','2020-02-13 19:17:09'),(197,81,'Jamir McCullough III','Architecto eveniet impedit beatae nostrum qui sapiente unde praesentium. At labore quisquam est incidunt deleniti ullam laudantium. Fugiat sapiente voluptas vel et perferendis sapiente pariatur.',5,'2020-02-13 19:17:09','2020-02-13 19:17:09'),(198,13,'Prof. Griffin Pouros II','Sit quia aut beatae doloribus eligendi. Sapiente et qui sapiente sunt et ea. Dicta dolor perferendis quos id perspiciatis. Eveniet fugit provident et veritatis quae.',4,'2020-02-13 19:17:09','2020-02-13 19:17:09'),(199,23,'Charlie Treutel Jr.','Est temporibus ut magnam est enim. Vitae aliquam ea iure dolorum. Corrupti corrupti voluptates est minus omnis unde molestiae eius. Fuga deserunt ut non numquam.',3,'2020-02-13 19:17:09','2020-02-13 19:17:09'),(200,43,'Dr. Louie Wilderman','Quia harum impedit nemo et deserunt a consectetur est. In est similique expedita error vitae. Consectetur totam facere ut nemo quas dolor doloribus. Autem voluptatem sequi tempore incidunt quidem ut.',5,'2020-02-13 19:17:09','2020-02-13 19:17:09'),(201,37,'Baylee Mante','Earum consequatur quia vitae vel accusantium architecto. Alias et natus ipsam.',3,'2020-02-13 19:17:09','2020-02-13 19:17:09'),(202,73,'Catharine Nikolaus','Possimus nisi molestias tempora. Ex maxime est minus. Quod et reiciendis doloribus qui est eos. Porro dignissimos est voluptatem laborum consequuntur omnis.',4,'2020-02-13 19:17:09','2020-02-13 19:17:09'),(203,79,'Damon Bartell','Deserunt maiores fugit recusandae est nisi voluptatem. Facere et ipsam corrupti accusantium et natus. Veniam reiciendis et hic.',5,'2020-02-13 19:17:09','2020-02-13 19:17:09'),(204,1,'Prof. Madyson Friesen III','Omnis excepturi qui est tempore. Delectus repellat iusto dolorum quae culpa consequatur. Mollitia voluptas autem rerum tempora excepturi. Explicabo nostrum iste ipsum hic.',3,'2020-02-13 19:17:09','2020-02-13 19:17:09'),(205,64,'Autumn Osinski','Odio laborum aut corrupti ipsum qui voluptates. Praesentium id minima voluptatum voluptatem aut delectus similique. Tempora nisi eligendi perferendis consectetur sed ut ea. Quia sed sed alias in rerum sunt et iure. Ratione inventore et dolorem.',3,'2020-02-13 19:17:09','2020-02-13 19:17:09'),(206,82,'Prof. Rahsaan Marquardt II','Reprehenderit dolorem consequatur ea. Iusto tenetur amet dolores qui aut. Facilis tempore quia dolorem sint accusantium velit. Sint alias dolor voluptas tenetur.',4,'2020-02-13 19:17:09','2020-02-13 19:17:09'),(207,50,'Ahmad Ritchie DDS','Beatae atque quibusdam culpa numquam quod. Consequatur magni maxime quas labore. Eveniet vel dolorum enim tenetur esse vitae.',3,'2020-02-13 19:17:09','2020-02-13 19:17:09'),(208,87,'Dr. Isac Blanda I','Eum tenetur qui dolorem ut illo harum ad minus. Exercitationem praesentium ab doloribus nobis amet. Odio ex iure ut. Excepturi officiis eos voluptas aut ut deserunt.',5,'2020-02-13 19:17:09','2020-02-13 19:17:09'),(209,59,'Anjali Cartwright','Et voluptas placeat et esse temporibus nemo perferendis. Fugiat iste quia natus sed laudantium. Dicta ut nulla assumenda consequatur.',3,'2020-02-13 19:17:09','2020-02-13 19:17:09'),(210,47,'Isaac Walsh','Quo animi sed illum asperiores eos nulla repellat sed. Fugit qui cumque perferendis fugiat. Aspernatur iure a dolorem eum. Alias error atque rerum cupiditate officiis laudantium esse.',5,'2020-02-13 19:17:09','2020-02-13 19:17:09'),(211,97,'Dr. Christina Ullrich','Debitis voluptates perspiciatis libero omnis sequi. Sint enim quae nihil. Non reprehenderit et vel quasi assumenda exercitationem dolores qui.',4,'2020-02-13 19:17:09','2020-02-13 19:17:09'),(212,82,'Whitney Kuhn','Voluptate voluptates sed hic ut perferendis. Fugiat vel rerum unde occaecati excepturi est fugit. Officia possimus et velit iure ipsam.',5,'2020-02-13 19:17:09','2020-02-13 19:17:09'),(213,84,'Clemens Kassulke II','Commodi itaque voluptatibus veritatis facilis. Facilis a pariatur fugiat nesciunt. Ad quaerat dolorem sint consequatur rerum culpa. Aut iure fugiat sed veritatis et.',4,'2020-02-13 19:17:09','2020-02-13 19:17:09'),(214,17,'Mr. Elias Dicki','Esse quos eveniet necessitatibus sed excepturi. Dolore distinctio molestiae et enim aliquid. Alias architecto sit sit et excepturi quidem quaerat.',5,'2020-02-13 19:17:09','2020-02-13 19:17:09'),(215,13,'Prof. Kobe O\'Conner','Totam culpa harum asperiores assumenda ut incidunt fuga. Illo perspiciatis omnis repellendus quia. Non corporis dignissimos quia omnis.',3,'2020-02-13 19:17:09','2020-02-13 19:17:09'),(216,21,'Lea Osinski','Voluptas dolor sit nihil vitae ut ratione rem. Nostrum et laboriosam aliquid magni. Quia ex eos molestiae sit.',4,'2020-02-13 19:17:09','2020-02-13 19:17:09'),(217,13,'Frankie Bauch','Voluptas dolor necessitatibus eius dolorum qui. Quas veritatis quo laboriosam repellat delectus sapiente. Sed voluptas accusantium rem laboriosam voluptatem. Blanditiis aliquam impedit laborum ipsum est numquam maiores.',5,'2020-02-13 19:17:09','2020-02-13 19:17:09'),(218,57,'Dr. Estel Skiles','Incidunt modi eos sed similique veritatis voluptatem assumenda blanditiis. Tempore nisi possimus inventore ad itaque id corrupti. Nam deleniti autem quo voluptatem. Consequuntur nemo occaecati ducimus labore.',5,'2020-02-13 19:17:09','2020-02-13 19:17:09'),(219,23,'Estella Goodwin','Quisquam omnis alias accusantium. Et assumenda odit praesentium temporibus molestias. Nesciunt deleniti sapiente eligendi et.',4,'2020-02-13 19:17:09','2020-02-13 19:17:09'),(220,20,'Claire Stanton PhD','Perferendis sed rem molestiae aut. Labore rerum nulla est temporibus. Explicabo architecto nisi maiores. Voluptatum sit et non ea rerum ea rerum est.',4,'2020-02-13 19:17:09','2020-02-13 19:17:09'),(221,53,'Alexander Jaskolski Jr.','Ducimus nisi vitae voluptatum ex dolorem. Et laboriosam aliquam magni nesciunt dignissimos provident voluptatem. Doloremque quam modi ut quaerat praesentium. A suscipit est consequatur velit quasi fugiat magnam.',4,'2020-02-13 19:17:10','2020-02-13 19:17:10'),(222,44,'Adrian Windler MD','Quibusdam consequatur autem possimus sapiente possimus perferendis quia. Placeat assumenda optio et repudiandae qui. Eaque at odio reprehenderit culpa eius. Quidem sed dicta modi aliquid ea sed.',3,'2020-02-13 19:17:10','2020-02-13 19:17:10'),(223,18,'Katlyn Wintheiser','Quia qui dolor et amet quos molestias possimus. Voluptas aperiam dolor repellat deleniti. Voluptas dolorum neque accusantium odit ut. Sunt sint ullam molestiae omnis animi quia dolores.',4,'2020-02-13 19:17:10','2020-02-13 19:17:10'),(224,54,'Wilhelm Botsford','Voluptatem fugit repellendus aut alias est possimus et. Quas ut accusantium nulla incidunt. Neque quibusdam eum accusantium autem. Quia ducimus dolore debitis in.',3,'2020-02-13 19:17:10','2020-02-13 19:17:10'),(225,17,'Mr. Erling Schaefer','Alias explicabo sit explicabo aut minus. Magnam velit voluptatem pariatur est nostrum ipsam. Illum sed ducimus dolorem rem.',4,'2020-02-13 19:17:10','2020-02-13 19:17:10'),(226,70,'Prof. Juana Hintz Jr.','Sit alias beatae atque nam sunt. Cum repudiandae ad nesciunt quis doloribus eum. Tenetur quia consequuntur non cupiditate minus unde fugiat. Rem sunt perferendis et. Dolorem consequatur eius culpa eum.',5,'2020-02-13 19:17:10','2020-02-13 19:17:10'),(227,60,'Eve Emard','Dolores velit a est neque quo accusantium. Similique necessitatibus debitis ut aut placeat vel. Laudantium molestias qui eos eius repellendus vitae. Doloribus in corrupti earum consequatur ipsam dolor. Et et neque et pariatur quo quaerat id.',5,'2020-02-13 19:17:10','2020-02-13 19:17:10'),(228,47,'Mrs. Lilliana Wisozk DVM','Et commodi enim voluptate nesciunt. Itaque modi voluptas exercitationem neque incidunt laboriosam rem quidem. Recusandae minus voluptatum aut error repellendus.',4,'2020-02-13 19:17:10','2020-02-13 19:17:10'),(229,3,'Dr. Romaine Bode DVM','Qui saepe recusandae ut corrupti. Aut maxime quam nulla aut qui et necessitatibus quo.',5,'2020-02-13 19:17:10','2020-02-13 19:17:10'),(230,62,'Leslie Bayer PhD','Nulla id quia dolores asperiores eos voluptatem. Soluta et autem dolorem dolor dicta. Consequatur accusamus voluptatum neque reiciendis. Et ab quia odit.',5,'2020-02-13 19:17:10','2020-02-13 19:17:10'),(231,46,'Jessy Wisoky','Eos illum delectus iure ut culpa est rerum quia. Quaerat atque consequatur dolorem exercitationem non autem. Autem aut ut voluptate eius maxime. Mollitia ut delectus iste sunt ex similique ut. Quod omnis nihil earum corrupti.',5,'2020-02-13 19:17:10','2020-02-13 19:17:10'),(232,74,'Maryjane Bayer','Reiciendis et qui culpa laborum quos nesciunt. Sed repellat dolores sunt aliquid. Porro fuga eveniet tenetur aut. Dolorem porro eos ipsam aut commodi ut.',5,'2020-02-13 19:17:10','2020-02-13 19:17:10'),(233,66,'Dillan Ratke','Enim laboriosam rerum error deleniti. Saepe eveniet ut voluptatem dignissimos est quam sapiente. Ullam praesentium vel et facilis quaerat perferendis.',4,'2020-02-13 19:17:10','2020-02-13 19:17:10'),(234,12,'Wallace Kuhic','Qui a aut quo ipsum aut. Earum beatae et consequuntur repellat magnam sit atque rerum. At dicta placeat rerum. Aspernatur aut distinctio voluptatem reprehenderit repellendus id.',4,'2020-02-13 19:17:10','2020-02-13 19:17:10'),(235,59,'Sheila Tromp','Dolorum suscipit inventore quos consequatur vitae. Eveniet sit laudantium consequuntur. Quas temporibus libero iure earum corrupti.',4,'2020-02-13 19:17:10','2020-02-13 19:17:10'),(236,73,'Miss Lois Stoltenberg IV','Possimus explicabo quaerat maiores aut. Incidunt libero nam amet autem voluptates recusandae sit. Impedit illo dolorem animi omnis.',4,'2020-02-13 19:17:10','2020-02-13 19:17:10'),(237,23,'Danielle Bailey','Est dolorum hic dolor incidunt pariatur et. Eos magnam sit corrupti eligendi quam. Eum facilis et perspiciatis non. Rem minima laudantium sint enim libero commodi.',4,'2020-02-13 19:17:10','2020-02-13 19:17:10'),(238,16,'Prof. Hollis Reichel DDS','Ut corrupti rerum recusandae consequuntur expedita voluptatem eius recusandae. Consequatur officiis modi alias quae. Doloribus autem voluptatem temporibus repudiandae quis vitae. Porro ipsa autem repellendus tempore quia.',5,'2020-02-13 19:17:10','2020-02-13 19:17:10'),(239,9,'Johathan Hessel','Aspernatur culpa dolore qui voluptatem aut voluptas culpa. Nostrum molestias placeat temporibus at necessitatibus. Reiciendis velit eligendi accusamus sed ad. Consequuntur laudantium et adipisci tempore esse.',5,'2020-02-13 19:17:10','2020-02-13 19:17:10'),(240,42,'Phoebe Crooks','Praesentium consequatur at sit dicta. Dolore voluptatem eaque aut sed veritatis. Et omnis quibusdam a nihil dicta soluta dolorem ut.',4,'2020-02-13 19:17:10','2020-02-13 19:17:10'),(241,98,'Alysha Wolff','Quisquam saepe qui aut. Molestias quasi aliquid quo et. Sit vero et ea.',3,'2020-02-13 19:17:10','2020-02-13 19:17:10'),(242,43,'America Stehr','Ullam enim voluptas rerum accusamus itaque dolor. Deserunt et quibusdam qui maxime necessitatibus quis. Expedita voluptas qui aut voluptatem. Numquam culpa modi iusto dignissimos eligendi dignissimos consequatur.',4,'2020-02-13 19:17:10','2020-02-13 19:17:10'),(243,83,'Prof. Earnestine Turcotte','Libero odio necessitatibus ut voluptatem enim. Placeat et error earum minima et aut repellat. Consectetur quod rem ducimus tenetur.',5,'2020-02-13 19:17:10','2020-02-13 19:17:10'),(244,54,'Gayle Toy','Corporis optio omnis odit. Sunt est est autem nesciunt nostrum. Fuga qui voluptatem earum dolores dolorem aliquam. Aut mollitia modi omnis consectetur dignissimos suscipit rerum dolores.',5,'2020-02-13 19:17:10','2020-02-13 19:17:10'),(245,83,'Cara Schiller III','Molestiae maiores quam dolores maiores. Fugit dolore maxime non ex vel quia et. Commodi id impedit dignissimos aliquam occaecati. Earum aut eos perspiciatis.',3,'2020-02-13 19:17:10','2020-02-13 19:17:10'),(246,56,'Christian Keeling','Tempore quia nostrum eaque eum vitae omnis aspernatur sequi. Est maiores pariatur iure ducimus placeat sint omnis. Repudiandae asperiores voluptates voluptatibus qui perferendis vel. Qui est laudantium omnis tempore voluptatem ea et.',3,'2020-02-13 19:17:11','2020-02-13 19:17:11'),(247,89,'Mrs. Loren Swaniawski','Qui vel aperiam ab distinctio fugiat assumenda tempore harum. Dolores minus delectus aut vel eos. Nemo expedita aut necessitatibus blanditiis commodi alias. Iste dolorem dicta ipsam tempora ea sit reiciendis.',4,'2020-02-13 19:17:11','2020-02-13 19:17:11'),(248,53,'Jayden Gibson','Corrupti similique eius est odit sed quis. Cupiditate modi illum provident eaque soluta natus blanditiis sed. Non modi ipsam voluptatem. Maxime vel qui quo.',5,'2020-02-13 19:17:11','2020-02-13 19:17:11'),(249,18,'Mr. Enid Ruecker PhD','Architecto dolores reprehenderit fuga possimus quidem ipsum. Fuga aliquam et molestiae maiores necessitatibus. Voluptatum omnis quos molestias quas. Architecto facere mollitia dolores mollitia neque excepturi vel.',3,'2020-02-13 19:17:11','2020-02-13 19:17:11'),(250,10,'Talia Dickinson','Error sequi possimus ipsam saepe praesentium beatae doloremque. Perferendis voluptas eaque ut fugiat aut. Voluptatem impedit in voluptas.',5,'2020-02-13 19:17:11','2020-02-13 19:17:11'),(251,90,'Mr. Arden Bailey V','Molestiae consequatur recusandae officiis accusantium. Unde repellat minima velit nam sunt magnam. Possimus et et voluptatem sunt rerum doloribus.',5,'2020-02-13 19:17:11','2020-02-13 19:17:11'),(252,28,'Tavares Koss','Dolorem beatae aut enim impedit blanditiis. Vel est maxime qui ut distinctio nostrum neque. Earum aut dolor fuga soluta perferendis sint excepturi.',4,'2020-02-13 19:17:11','2020-02-13 19:17:11'),(253,84,'Hope Douglas','Sint animi consequuntur iure ut sed et hic. Modi et recusandae voluptas voluptas non eum assumenda. Et ut ea dolor iure corrupti itaque nihil.',4,'2020-02-13 19:17:11','2020-02-13 19:17:11'),(254,86,'Pietro Dicki','Id qui aut in minus reprehenderit eligendi dolor. Cumque qui tempore minima quis voluptatem voluptatem dignissimos. Nemo fuga eum magni commodi voluptas. Maiores delectus qui fugiat consectetur.',5,'2020-02-13 19:17:11','2020-02-13 19:17:11'),(255,6,'Robbie Hahn','Sit inventore sed adipisci laudantium. Numquam enim ullam autem amet et error. Excepturi debitis ut incidunt voluptatibus explicabo quod perspiciatis. Est dolores ex exercitationem dolores qui dicta et. Vero quia facilis cumque quis ipsa ullam.',5,'2020-02-13 19:17:11','2020-02-13 19:17:11'),(256,58,'Maximus Hilpert','Voluptas hic est ut quisquam. Id cumque consequatur expedita fugit. Saepe alias at omnis aut sit perferendis. Similique eaque temporibus minus cum.',4,'2020-02-13 19:17:11','2020-02-13 19:17:11'),(257,29,'Gilberto Bogisich I','Et vero explicabo vitae enim ipsum facere. Illum nihil voluptate id. Optio facilis odio ipsam cupiditate et qui id qui.',4,'2020-02-13 19:17:11','2020-02-13 19:17:11'),(258,83,'Benton Doyle','Maxime nihil nesciunt consequuntur voluptate magni corporis molestias. Ullam quod et totam dolore quibusdam sed. Similique minus aut vero error. Accusantium voluptatem fugit neque praesentium quibusdam officiis. Et et et explicabo sed.',5,'2020-02-13 19:17:11','2020-02-13 19:17:11'),(259,23,'Prof. Sherman Baumbach','Saepe amet pariatur maiores labore fugiat. Enim quia eum sapiente quibusdam aliquid eos. Enim sapiente cum delectus quia doloribus sunt possimus. Molestiae similique accusantium consequuntur cupiditate est a. Itaque consequatur sunt consectetur architecto.',3,'2020-02-13 19:17:11','2020-02-13 19:17:11'),(260,55,'Guy Predovic','Nobis accusamus sapiente aspernatur eos aperiam. Mollitia nihil corrupti qui quisquam. Sint cum et aut.',5,'2020-02-13 19:17:11','2020-02-13 19:17:11'),(261,9,'Cydney Mitchell DDS','Amet assumenda autem quas et qui. Vitae qui omnis dolor eos reiciendis sit. Quos illo molestias fuga.',5,'2020-02-13 19:17:11','2020-02-13 19:17:11'),(262,86,'Gene Walter','Officiis qui et magni excepturi qui. Et et id impedit quaerat quidem mollitia aperiam quis. Dolor qui quo voluptates eaque neque sunt.',4,'2020-02-13 19:17:11','2020-02-13 19:17:11'),(263,49,'Omari Schaefer','Et rerum officiis exercitationem minus debitis ad adipisci. Labore ipsa quos consequatur exercitationem suscipit. Quam dolorem consequatur et et voluptatem amet. Sunt cumque aut maiores et est rerum quaerat.',4,'2020-02-13 19:17:11','2020-02-13 19:17:11'),(264,61,'Cameron Armstrong','Facilis dolorem debitis maiores ratione consequatur eum necessitatibus. Necessitatibus voluptatem et incidunt possimus voluptate dolorem quisquam. Et possimus sint animi.',3,'2020-02-13 19:17:11','2020-02-13 19:17:11'),(265,77,'Mavis Schumm','Esse repellendus voluptas dolorem libero vitae ipsam et. Nam officia et sit corporis odio aperiam quaerat. Illo in aut aspernatur illo adipisci magni et. Minima tempora nihil id aut soluta ut quasi nobis.',4,'2020-02-13 19:17:11','2020-02-13 19:17:11'),(266,22,'Randall Hirthe','Sed accusamus consectetur rerum iusto dolor. Aut ratione nobis voluptas eos nesciunt voluptatum ab. Eveniet quae rerum voluptas quidem.',3,'2020-02-13 19:17:11','2020-02-13 19:17:11'),(267,95,'Hazle Grant','Blanditiis voluptas quasi esse ullam sit. Pariatur architecto ratione et tenetur inventore sapiente. Delectus suscipit reiciendis occaecati aut hic facilis et.',3,'2020-02-13 19:17:11','2020-02-13 19:17:11'),(268,90,'Seth Mayert','Ea quia sed doloribus. Velit voluptatum ut est temporibus aut laborum laborum. Ut molestiae quam nam est nemo et. Porro saepe ab est recusandae doloremque adipisci.',5,'2020-02-13 19:17:11','2020-02-13 19:17:11'),(269,46,'Prof. Jorge Deckow PhD','Sed ut saepe ducimus tenetur ipsum dicta. Et voluptatem ipsum sint voluptate debitis officiis sint. Voluptatem sint labore dolore illo sint ut.',4,'2020-02-13 19:17:11','2020-02-13 19:17:11'),(270,45,'Oleta Heathcote','Quas inventore ut aut eligendi maxime. Qui quibusdam doloremque sint nostrum. Dolores consequatur ex blanditiis iusto possimus repudiandae cumque.',4,'2020-02-13 19:17:11','2020-02-13 19:17:11'),(271,2,'Jamarcus Tremblay Sr.','Numquam voluptas et est illum mollitia unde. Et nemo sit illo. Voluptas aspernatur ratione quia consequuntur aspernatur occaecati architecto amet.',4,'2020-02-13 19:17:11','2020-02-13 19:17:11'),(272,42,'Mr. Avery Hansen','Molestias a ratione fugit nostrum possimus commodi. Consequuntur quidem ipsam et praesentium fuga doloribus qui.',4,'2020-02-13 19:17:11','2020-02-13 19:17:11'),(273,97,'Jeremy Boehm','Rerum possimus rerum dolorem tempora sed aperiam. Deleniti placeat deserunt saepe sint culpa officia. Ut eos deserunt dolores modi modi sapiente sed.',4,'2020-02-13 19:17:11','2020-02-13 19:17:11'),(274,76,'Brenda Jacobi','Quia qui aliquid consectetur sapiente recusandae vero. Est repellat incidunt aut. Quia ex nihil nam reiciendis. Id inventore quo hic aliquam qui explicabo qui veniam.',3,'2020-02-13 19:17:11','2020-02-13 19:17:11'),(275,51,'Silas Watsica V','Mollitia dolorem dolorem voluptatibus voluptas id sequi voluptatem. Ut ea perferendis asperiores molestiae atque. Ipsa a quia esse. Labore cumque hic distinctio nulla commodi vel.',3,'2020-02-13 19:17:11','2020-02-13 19:17:11'),(276,24,'Mr. Zechariah Wehner','Sit magnam consectetur quos saepe dignissimos non. Veniam nihil doloribus qui dicta itaque sapiente. Consequuntur consequuntur vero consequatur labore sunt.',3,'2020-02-13 19:17:11','2020-02-13 19:17:11'),(277,94,'Stella Kautzer','Est optio enim et sit ea neque. Temporibus ea aut harum velit perspiciatis at. Quod dignissimos dolorum et ipsam neque atque. Atque cum exercitationem odio perferendis ut nihil quaerat eius. Voluptas in quis eum natus consectetur.',4,'2020-02-13 19:17:11','2020-02-13 19:17:11'),(278,54,'Miss Alexane Daniel II','Expedita quo dolorum nobis est. Qui dolor laudantium aut id facilis. Rerum asperiores hic quia nesciunt.',4,'2020-02-13 19:17:11','2020-02-13 19:17:11'),(279,95,'Gerry Strosin','Iure non soluta quam quia. Ut ratione consequatur magnam et. A ut ut consequatur harum.',5,'2020-02-13 19:17:12','2020-02-13 19:17:12'),(280,55,'Leon Von','Et itaque nihil et voluptates laudantium sit non. Expedita sed vitae numquam nostrum voluptatem id aliquam.',5,'2020-02-13 19:17:12','2020-02-13 19:17:12'),(281,69,'Clovis Dietrich','Omnis quam nisi aperiam facilis labore natus. Saepe id ut dicta nihil earum illum molestiae et. Deleniti nam neque perspiciatis tenetur assumenda aut.',4,'2020-02-13 19:17:12','2020-02-13 19:17:12'),(282,89,'Ms. Amalia Gutmann','Sed est minima voluptas quo rerum distinctio. Et ea ut ea aut quis et fuga. Ut enim voluptatem vel voluptatum cum.',3,'2020-02-13 19:17:12','2020-02-13 19:17:12'),(283,15,'Jaclyn Boyer','Dignissimos omnis labore fugit. Dolores hic maiores odit non beatae. Ratione necessitatibus inventore quis reprehenderit explicabo occaecati aut.',4,'2020-02-13 19:17:12','2020-02-13 19:17:12'),(284,69,'Ms. Ruthie O\'Reilly','Aut iure id et distinctio nostrum error. Omnis aperiam est est et voluptatem.',5,'2020-02-13 19:17:12','2020-02-13 19:17:12'),(285,67,'Ms. Celestine Osinski','Voluptatem ullam voluptate eius velit. Et et qui dolorem tempore asperiores. Quia deserunt fugit fugiat. Temporibus aut ea est facere esse quia.',4,'2020-02-13 19:17:12','2020-02-13 19:17:12'),(286,41,'Brennan Blanda','Rem sed assumenda ut. Debitis eligendi voluptates sapiente officia. Quis voluptatem hic error eos provident. Et aspernatur sed consectetur velit et eius.',4,'2020-02-13 19:17:12','2020-02-13 19:17:12'),(287,92,'Graham Nader','Quo dignissimos quia est qui iusto hic at. Laborum qui consequuntur voluptatibus et itaque deleniti ducimus. Distinctio est est eum aperiam blanditiis officia nihil.',4,'2020-02-13 19:17:12','2020-02-13 19:17:12'),(288,96,'Maribel Gusikowski Jr.','Itaque natus nulla quasi ratione perferendis necessitatibus voluptas. Dolorem omnis modi praesentium rerum culpa sit fugiat delectus. Dolores ipsum quis aut magnam.',5,'2020-02-13 19:17:12','2020-02-13 19:17:12'),(289,32,'Haylee Predovic','Occaecati eius eum quis facere quia laborum. Illum harum temporibus doloremque et numquam reprehenderit omnis dolorum. Tempore veniam et odit.',4,'2020-02-13 19:17:12','2020-02-13 19:17:12'),(290,59,'Aleen White','Inventore et sint ex voluptas aut rerum. Est sint id praesentium aliquid tempore fuga. Animi ut dolorum repellat dolor laborum. Dicta omnis rerum dolores. Autem sit est reiciendis itaque et alias.',5,'2020-02-13 19:17:12','2020-02-13 19:17:12'),(291,15,'Curtis Boyle','Iusto reprehenderit atque rerum atque eos autem sequi. Molestiae praesentium aut at. Ea nam dolorem quod modi explicabo veritatis qui. Id perspiciatis autem rerum temporibus ut accusantium amet a.',5,'2020-02-13 19:17:12','2020-02-13 19:17:12'),(292,99,'Wilbert Hackett','Odit similique atque impedit molestiae magni repudiandae. Repellendus vel voluptas laborum porro quod. Eveniet veniam tenetur nemo commodi.',5,'2020-02-13 19:17:12','2020-02-13 19:17:12'),(293,63,'Maybelle Hansen','Enim et porro saepe nemo iusto consequatur vel qui. Consequatur reiciendis voluptatem quo aliquam voluptatibus. Necessitatibus sit vel aut repellendus ut et molestiae fugiat.',5,'2020-02-13 19:17:12','2020-02-13 19:17:12'),(294,3,'Mr. Antwon Greenholt IV','Aut necessitatibus et sed qui esse nemo molestiae. Molestias itaque sit debitis iste id distinctio. Ut expedita voluptatem reiciendis voluptas ad amet. Pariatur et maiores sunt et veniam.',3,'2020-02-13 19:17:12','2020-02-13 19:17:12'),(295,81,'Scotty Bergstrom','Soluta odio aut quo aut eligendi repellat. Ratione consequatur occaecati dolorum. Dicta iure quaerat quia aut et. Consequuntur molestiae veritatis et.',3,'2020-02-13 19:17:12','2020-02-13 19:17:12'),(296,16,'Gonzalo Donnelly','Architecto neque autem eligendi ad ut dicta. Neque rerum sed maiores est facere blanditiis repellendus vero. Vero quas quaerat excepturi ducimus. Aspernatur ut magni nesciunt incidunt accusamus non sequi.',3,'2020-02-13 19:17:12','2020-02-13 19:17:12'),(297,98,'Prof. Jaunita Herman Jr.','Sunt ipsum excepturi modi adipisci neque. Assumenda repellat totam cum qui. At ea aperiam soluta eveniet nisi quo ut. Sit officiis rerum corporis quam et incidunt.',3,'2020-02-13 19:17:12','2020-02-13 19:17:12'),(298,11,'Mattie Spinka DVM','Sit ipsa beatae sint laborum ut. Voluptatem veritatis itaque fugiat et ab. Molestiae soluta neque et harum.',3,'2020-02-13 19:17:12','2020-02-13 19:17:12'),(299,93,'Dr. Edison Ankunding','Enim facilis enim cumque eius non. Similique voluptates in consequatur est nostrum est excepturi est. Omnis sequi aspernatur fugit et fuga facilis.',3,'2020-02-13 19:17:13','2020-02-13 19:17:13'),(300,94,'Dayana Feil','Voluptatibus ipsam aliquid quis nemo. Error eum esse sequi voluptatem. Iste est debitis veritatis eum libero consectetur. Vel sed et id at est.',3,'2020-02-13 19:17:13','2020-02-13 19:17:13');
/*!40000 ALTER TABLE `reviews` ENABLE KEYS */;
UNLOCK TABLES;

--
-- Table structure for table `users`
--

DROP TABLE IF EXISTS `users`;
/*!40101 SET @saved_cs_client     = @@character_set_client */;
/*!40101 SET character_set_client = utf8 */;
CREATE TABLE `users` (
  `id` int(10) unsigned NOT NULL AUTO_INCREMENT,
  `name` varchar(191) COLLATE utf8mb4_unicode_ci NOT NULL,
  `email` varchar(191) COLLATE utf8mb4_unicode_ci NOT NULL,
  `password` varchar(191) COLLATE utf8mb4_unicode_ci NOT NULL,
  `remember_token` varchar(100) COLLATE utf8mb4_unicode_ci DEFAULT NULL,
  `created_at` timestamp NULL DEFAULT NULL,
  `updated_at` timestamp NULL DEFAULT NULL,
  PRIMARY KEY (`id`),
  UNIQUE KEY `users_email_unique` (`email`)
) ENGINE=InnoDB DEFAULT CHARSET=utf8mb4 COLLATE=utf8mb4_unicode_ci;
/*!40101 SET character_set_client = @saved_cs_client */;

--
-- Dumping data for table `users`
--

LOCK TABLES `users` WRITE;
/*!40000 ALTER TABLE `users` DISABLE KEYS */;
/*!40000 ALTER TABLE `users` ENABLE KEYS */;
UNLOCK TABLES;
/*!40103 SET TIME_ZONE=@OLD_TIME_ZONE */;

/*!40101 SET SQL_MODE=@OLD_SQL_MODE */;
/*!40014 SET FOREIGN_KEY_CHECKS=@OLD_FOREIGN_KEY_CHECKS */;
/*!40014 SET UNIQUE_CHECKS=@OLD_UNIQUE_CHECKS */;
/*!40101 SET CHARACTER_SET_CLIENT=@OLD_CHARACTER_SET_CLIENT */;
/*!40101 SET CHARACTER_SET_RESULTS=@OLD_CHARACTER_SET_RESULTS */;
/*!40101 SET COLLATION_CONNECTION=@OLD_COLLATION_CONNECTION */;
/*!40111 SET SQL_NOTES=@OLD_SQL_NOTES */;

-- Dump completed on 2020-02-14 11:18:36
